NAME,MLST ST (Pasteur),MLST PROFILE (Pasteur),CGMLST,LINCODE,SUBLINEAGE,CLONAL GROUP,Inc Types,K Locus (wzi),Capsule type,O LOCUS,O type,Virulence Score,AEROBACTIN (AbST),COLIBACTIN (CbST),SALMOCHELIN (SmST),YERSINIABACTIN (YbST),RmpADC,rmpA2
ERR4784082,147,3_4_6_1_7_4_38,18630,0_0_197_0_4_0_10_24_2_0,147,147,Col(pHAD28); ColKP3; IncFIB(pKPHS1); IncFII; IncFII(pKPX1); IncN2; IncR; repB(R1701),KL64 (wzi64),K64,O1/O2v1,O2a,1,- (0),- (0),- (0),ybt 10; ICEKp4 (384),-,-
ERR4785075,231,2_6_1_3_26_1_77,18721,0_0_88_0_0_0_0_34_0_0,231,231,Col(pHAD28); Col(pHAD28); ColKP3; IncFIA; IncFIB(pQil); IncFII(K); IncFII(pAMA1167-NDM-5),KL51 (wzi104),K51,O1/O2v2,O1,4,iuc 5 (61-3LV),- (0),- (0),ybt 14; ICEKp5 (376),-,-
ERR4784374,2497,3_1_2_4_1_46_4,18565,0_0_106_1_0_0_0_0_19_0,395,10190,Col(pHAD28); Col(pHAD28)--Col(pHAD28); ColKP3; IncFIB(pQil),KL64 (wzi64),K64,O1/O2v1,O1,1,- (0),- (0),- (0),ybt 16; ICEKp12 (280),-,-
ERR4635724,147,3_4_6_1_7_4_38,18692,0_0_197_0_4_1_0_58_0_0,147,147,Col(pHAD28); IncFIB(pNDM-Mar); IncFIB(pQil); IncHI1B(pNDM-MAR); IncR,KL64 (wzi64),K64,O1/O2v1,O2a,1,- (0),- (0),- (0),ybt 9; ICEKp3 (173-2LV),-,-
ERR4784235,147,3_4_6_1_7_4_38,18551,0_0_197_0_4_0_10_24_1_0,147,147,Col(pHAD28); ColKP3; IncFIB(pKPHS1); IncFII; IncFII(pKPX1); IncN2; IncR; repB(R1701),KL64 (wzi64),K64,O1/O2v1,O2a,1,- (0),- (0),- (0),ybt 10; ICEKp4 (384),-,-
ERR4785041,16,2_1_2_1_4_4_4,18709,0_0_22_27_21_0_0_0_0_0,17,16,Col(pHAD28)--Col440II; IncFIA(pBK30683); IncFIB(K); IncFIB(pKPHS1); IncFII(K),KL48 (wzi151),K48,O1/O2v1,O2a,0,- (0),- (0),- (0),- (0),-,-
ERR4784282,231,2_6_1_3_26_1_77,18819,0_0_88_0_0_0_0_1_1_0,231,231,Col(pHAD28); Col440I; ColKP3; IncFIB(pQil); IncFII(K),KL51 (wzi104),K51,O1/O2v2,O1,1,- (0),- (0),- (0),ybt 14; ICEKp5 (376-1LV),-,-
ERR4784387,147,3_4_6_1_7_4_38,19068,0_0_197_0_4_1_0_39_0_0,147,147,Col(pHAD28); IncFIB(pKPHS1); IncFIB(pQil); IncR,KL183 (wzi404),unknown (KL183),OL101,unknown (OL101),1,- (0),- (0),- (0),ybt 9; ICEKp3 (173-2LV),-,-
ERR4784829,231,2_6_1_3_26_1_77,1235,0_0_88_0_0_0_0_0_2_0,231,231,Col(BS512); Col(pHAD28); Col440I; ColKP3; IncFIA; IncFIB(pQil); IncFII(K); IncFII(pAMA1167-NDM-5),KL51 (wzi104),K51,O1/O2v2,O1,4,iuc 5 (truncated) (61-3LV),- (0),- (0),ybt 14; ICEKp5 (376),-,-
ERR4784287,147,3_4_6_1_7_4_38,18551,0_0_197_0_4_0_10_24_1_0,147,147,Col(pHAD28); ColKP3; IncFIB(pKPHS1); IncFII; IncFII(pKPX1); IncN2; IncR; repB(R1701),KL64 (wzi64),K64,O1/O2v1,O2a,1,- (0),- (0),- (0),ybt 10; ICEKp4 (384),-,-
ERR4784355,147,3_4_6_1_7_4_38,18738,0_0_197_0_4_0_10_26_0_0,147,147,Col(BS512); Col(pHAD28)--Col440II; ColKP3; IncFII; IncFII(pKPX1); IncR; repB(R1701),KL64 (wzi64),K64,O1/O2v1,O2a,1,- (0),- (0),- (0),ybt 10; ICEKp4 (384-1LV),-,-
ERR4784089,395,3_1_2_4_1_1_4,11197,0_0_106_1_0_0_0_0_1_0,395,10190,Col(pHAD28); Col(pHAD28)--Col(pHAD28); IncC; IncFIB(pQil),KL64 (wzi64),K64,O1/O2v1,O1,1,- (0),- (0),- (0),ybt 16; ICEKp12 (280),-,-
ERR4785107,147,3_4_6_1_7_4_38,18974,0_0_197_0_17_0_5_5_0_0,147,147,Col(pHAD28); ColKP3; IncFIA(pBK30683); IncFII; IncR,KL10 (wzi420),K10,O3/O3a,O3/O3a,0,- (0),- (0),- (0),- (0),-,-
ERR4784260,231,2_6_1_3_26_1_77,18591,0_0_88_0_0_0_0_14_1_0,231,231,Col(pHAD28); Col(pHAD28); ColKP3; IncFIA; IncFIB(pQil); IncFII(K); IncFII(pAMA1167-NDM-5),KL51 (wzi104),K51,O1/O2v2,O1,4,iuc 5 (61-3LV),- (0),- (0),ybt 14; ICEKp5 (376),-,-
ERR4635772,147,3_4_6_1_7_4_38,18585,0_0_197_0_4_0_10_30_0_0,147,147,Col(BS512); Col440I; IncFIB(pNDM-Mar); IncFII(pKPX1); IncHI1B(pNDM-MAR); IncR; repB(R1701),KL64 (wzi64),K64,O1/O2v1,O2a,1,- (0),- (0),- (0),ybt 10; ICEKp4 (384),-,-
ERR4785110,231,2_6_1_3_26_1_77,18726,0_0_88_0_0_0_0_11_6_0,231,231,Col440I; Col440I; ColKP3; IncFIA; IncFIB(AP001918); IncFIB(pQil); IncFII(K); IncFII(pAMA1167-NDM-5),KL51 (wzi104),K51,O1/O2v2,O2afg,1,- (0),- (0),- (0),ybt 14; ICEKp5 (376),-,-
ERR4784462,231,2_6_1_3_26_1_77,18591,0_0_88_0_0_0_0_14_1_0,231,231,Col(pHAD28); Col(pHAD28); ColKP3; IncFIA; IncFIB(pQil); IncFII(K); IncFII(pAMA1167-NDM-5),KL51 (wzi104),K51,O1/O2v2,O1,4,iuc 5 (61-3LV),- (0),- (0),ybt 14; ICEKp5 (376),-,-
ERR4635740,48,2_5_2_2_7_1_10,18945,0_0_147_1_0_1_0_7_0_0,48,48,IncC,KL62 (wzi62),K62,O1/O2v1,O1,1,- (0),- (0),- (0),ybt 15; ICEKp11 (230),-,-
ERR4784107,14,1_6_1_1_1_1_1,18771,0_0_1_1_17_0_3_46_1_0,14,14,Col(BS512); ColKP3; IncFIA(pBK30683); IncFIB(K); IncFIB(pNDM-Mar); IncFII(K); IncHI1B(pNDM-MAR); IncR,KL2 (wzi2),K2,O1/O2v1,O1,1,- (0),- (0),- (0),ybt 14; ICEKp5 (140),-,-
ERR4784417,2096,1_6_1_1_1_46_1,18739,0_0_1_1_17_0_3_52_1_0,14,14,Col(pHAD28); ColKP3; ColRNAI; IncFIB(K); IncFIB(pNDM-Mar); IncFII(K); IncHI1B(pNDM-MAR),KL64 (wzi64),K64,O1/O2v1,O1,4,iuc 1 (1-1LV),- (0),- (0),ybt 14; ICEKp5 (376),-,rmpA2_8-60%
ERR3162556,107,2_1_2_17_27_1_39,*241c,0_0_80_0_0_5_0_?_?_?,107,107,Col(pHAD28); IncFIB(K),unknown (KL101) (wzi69),unknown (KL101),O1/O2v1,O1,0,- (0),- (0),- (0),- (0),-,-
SRR8859429,14,1_6_1_1_1_1_1,32424,0_0_1_1_17_0_3_70_0_0,14,14,ColRNAI; IncFIB(K); IncFIB(pNDM-Mar); IncFII(K); IncHI1B(pNDM-MAR); IncR,KL2 (wzi2),K2,O1/O2v1,O1,1,- (0),- (0),- (0),ybt 14; ICEKp5 (140-1LV),-,-
ERR4784922,14,1_6_1_1_1_1_1,18625,0_0_1_1_17_0_3_0_12_0,14,14,ColKP3; IncFIB(K); IncFII(K),KL2 (wzi2),K2,O1/O2v1,O1,1,- (0),- (0),- (0),ybt 14; ICEKp5 (140-1LV),-,-
ERR3162594,231,2_6_1_3_26_1_77,20640,0_0_88_0_0_0_0_35_0_0,231,231,Col(BS512); ColKP3; IncFIA; IncFIB(pQil); IncFII(K); IncFII(pAMA1167-NDM-5),unknown (KL51) (wzi104),unknown (K51),O1/O2v2,O1,4,iuc 5 (61-3LV),- (0),- (0),ybt 14; ICEKp5 (376),-,-
ERR3162602,3609,2_1_2_37_8_196_15,*f93e,0_0_73_0_0_0_1_0_?_?,3609,3609,Col440I; Col440I; IncFIB(K); IncFIB(pNDM-Mar); IncFIB(pQil); IncFII(K); IncHI1B(pNDM-MAR),unknown (KL117) (-),unknown (KL117),O1/O2v1,O1,0,- (0),- (0),- (0),- (0),-,-
ERR4784358,147,3_4_6_1_7_4_38,*f7b8,0_0_197_0_4_1_8_0_?_?,147,147,Col(pHAD28); IncFIB(K)(pCAV1099-114); IncFIB(pKPHS1); IncFIB(pQil); IncR,KL64 (wzi64),K64,O1/O2v1,O2a,1,- (0),- (0),- (0),ybt 9; ICEKp3 (173-2LV),-,-
ERR4784921,16,2_1_2_1_4_4_4,18802,0_0_22_27_0_2_0_5_1_0,17,16,Col(pHAD28); Col(pHAD28)--Col440II; IncFIA(pBK30683); IncFIB(K); IncFII(K); IncX3,KL81 (wzi230),K81,OL101,unknown (OL101),1,- (0),- (0),- (0),ybt 16; ICEKp12 (277),-,-
ERR4784761,45,2_1_1_6_7_1_12,19197,0_0_158_8_6_0_11_0_0_0,45,45,Col440I; Col440I; ColKP3; ColRNAI; IncFIB(K); IncFIB(pNDM-Mar); IncFII; IncFII(K); IncHI1B(pNDM-MAR),KL62 (wzi149),K62,O1/O2v1,O2a,1,- (0),- (0),- (0),ybt 10; ICEKp4 (78),-,-
ERR3162606,152,2_3_2_1_1_4_56,19417,0_0_220_0_0_0_8_0_0_0,152,152,Col(pHAD28); Col440I; IncR; IncY; repB(R1701),unknown (KL107) (wzi110),unknown (KL107),unknown (OL102),unknown (OL102),0,- (0),- (0),- (0),- (0),-,-
ERR4784065,17,2_1_1_1_4_4_4,19085,0_0_22_8_18_2_0_0_1_0,17,10122,IncFIB(K),KL23 (wzi82),K23,O1/O2v2,O1,1,- (0),- (0),- (0),ybt 9; ICEKp3 (183-2LV),-,-
ERR4785060,147,3_4_6_1_7_4_38,665,0_0_197_0_4_0_10_0_0_0,147,147,Col(pHAD28); ColKP3; IncR; repB(R1701),KL64 (wzi64),K64,O1/O2v1,O2a,1,- (0),- (0),- (0),ybt 10; ICEKp4 (384),-,-
ERR4784824,231,2_6_1_3_26_1_77,18807,0_0_88_0_0_0_22_0_0_0,231,231,Col440I; ColKP3; ColRNAI; IncFIA; IncFIB(pQil); IncFII(K); IncFII(pAMA1167-NDM-5); IncX4,KL51 (wzi104),K51,O1/O2v2,O1,4,iuc 5 (61-3LV),- (0),- (0),ybt 14; ICEKp5 (376-1LV),-,-
ERR4784268,395,3_1_2_4_1_1_4,18719,0_0_106_1_0_0_0_0_3_0,395,10190,Col(pHAD28); Col(pHAD28)--Col(pHAD28); ColKP3; IncFIB(pQil),KL64 (wzi64),K64,O1/O2v1,O1,1,- (0),- (0),- (0),ybt 16; ICEKp12 (280-1LV),-,-
ERR4784858,437,3_3_1_1_1_1_31,18757,0_0_105_1_1_1_0_35_1_0,258,10268,Col(IMGS31); Col(pHAD28)--Col(pHAD28); ColKP3; IncFIB(pQil); IncFII,KL36 (wzi109),K36,O4,O4,1,- (0),- (0),- (0),ybt 9; ICEKp3 (179-2LV),-,-
ERR4785116,147,3_4_6_1_7_4_38,19165,0_0_197_0_4_0_104_0_0_0,147,147,Col(pHAD28); IncFII; IncFII(pKPX1)--repB(R1701),KL51 (wzi104),K51,O1/O2v2,O2afg,1,- (0),- (0),- (0),ybt 14; ICEKp5 (376-1LV),-,-
ERR4784994,395,3_1_2_4_1_1_4,19016,0_0_106_1_0_0_0_7_0_0,395,10190,Col(pHAD28); Col(pHAD28)--Col(pHAD28); IncFIB(pNDM-Mar); IncFIB(pQil); IncHI1B(pNDM-MAR),KL64 (wzi64),K64,O1/O2v1,O1,1,- (0),- (0),- (0),ybt 16; ICEKp12 (280),-,-
ERR4785011,231,2_6_1_3_26_1_77,18814,0_0_88_0_0_0_0_0_8_0,231,231,Col440I; ColKP3; IncFIA; IncFIB(pQil); IncFII(K); IncFII(pAMA1167-NDM-5),unknown (KL51) (-),unknown (K51),O1/O2v2,O1,4,iuc 5 (truncated) (61-3LV),- (0),- (0),ybt 14; ICEKp5 (376-1LV),-,-
ERR4784161,231,2_6_1_3_26_1_77,18786,0_0_88_0_0_0_0_14_2_0,231,231,Col(pHAD28); Col(pHAD28); Col440I; ColKP3; IncFIA; IncFIB(pQil); IncFII(K); IncFII(pAMA1167-NDM-5),KL51 (wzi104),K51,O1/O2v2,O1,4,iuc 5 (61-3LV),- (0),- (0),ybt 14; ICEKp5 (376),-,-
ERR4784388,48,2_5_2_2_7_1_10,19063,0_0_147_1_0_13_0_0_0_0,48,48,ColpVC; IncFIB(pQil); IncFII(K); IncHI1B(pNDM-MAR),KL62 (wzi62),K62,O1/O2v1,O1,1,- (0),- (0),- (0),ybt 15; ICEKp11 (230-1LV),-,-
ERR4785071,14,1_6_1_1_1_1_1,18815,0_0_1_1_17_0_8_2_0_0,14,14,IncFIA(pBK30683); IncFIB(K); IncFII; IncFII(K); IncR,KL2 (wzi2),K2,O1/O2v1,O1,1,- (0),- (0),- (0),ybt 14; ICEKp5 (140-2LV),-,-
ERR4784800,395,3_1_2_4_1_1_4,11197,0_0_106_1_0_0_0_0_1_0,395,10190,Col(pHAD28); Col(pHAD28); ColKP3; IncFIB(pQil),KL64 (wzi64),K64,O1/O2v1,O1,1,- (0),- (0),- (0),ybt 16; ICEKp12 (280),-,-
ERR4784842,1309,10_1_2_1_10_4_5,18724,0_0_596_0_2_0_0_0_0_0,10298,10695,ColKP3; IncFIB(K); IncFII(K),KL183 (-),unknown (KL183),OL103,unknown (OL103),0,- (0),- (0),- (0),- (0),-,-
ERR3162564,551,3_1_1_1_9_4_135,*b39e,0_0_406_0_13_0_0_?_?_?,551,551,IncFIB(K)--IncFII(K),KL10 (wzi18),K10,O1/O2v1,O1,0,- (0),- (0),- (0),- (0),-,-
ERR4784705,147,3_4_6_1_7_4_38,18551,0_0_197_0_4_0_10_24_1_0,147,147,Col(pHAD28); ColKP3; IncFIB(pKPHS1); IncFII; IncFII(pKPX1); IncN2; IncR; repB(R1701),KL64 (wzi64),K64,O1/O2v1,O2a,1,- (0),- (0),- (0),ybt 10; ICEKp4 (384),-,-
ERR3162618,231,2_6_1_3_26_1_77,20601,0_0_88_0_0_0_0_12_18_0,231,231,Col(pHAD28)--Col440I; ColKP3; IncFIA; IncFIB(pQil); IncFII(K); IncFII(pAMA1167-NDM-5),unknown (KL51) (wzi104),unknown (K51),unknown (O1/O2v2),unknown (O1),4,iuc 5 (61-3LV),- (0),- (0),ybt 14; ICEKp5 (376),-,-
ERR3162621,2096,1_6_1_1_1_46_1,*b19b,0_0_1_1_17_0_3_?_?_?,14,14,Col(pHAD28); ColKP3; ColRNAI; IncFIB(K); IncFIB(pNDM-Mar); IncFII(K); IncHI1B(pNDM-MAR),unknown (KL64) (wzi64),unknown (K64),O1/O2v1,O2a,4,iuc 1 (1),- (0),- (0),ybt 14; ICEKp5 (140-2LV),-,-
ERR4784811,147,3_4_6_1_7_4_38,18556,0_0_197_0_4_0_10_24_0_0,147,147,Col(pHAD28); ColKP3; IncFIB(pKPHS1); IncFII; IncFII(pKPX1); IncN2; IncR; repB(R1701),KL64 (wzi64),K64,O1/O2v1,O2a,1,- (0),- (0),- (0),ybt 10; ICEKp4 (384),-,-
ERR4785118,231,2_6_1_3_26_1_77,18679,0_0_88_0_0_0_0_14_20_0,231,231,Col(pHAD28); Col(pHAD28); ColKP3; IncFIA; IncFIB(pQil); IncFII(K); IncFII(pAMA1167-NDM-5),KL51 (wzi104),K51,O1/O2v2,O1,4,iuc 5 (61-3LV),- (0),- (0),ybt 14; ICEKp5 (376-1LV),-,-
ERR3162615,231,2_6_1_3_26_1_77,20459,0_0_88_0_0_0_0_0_2_0,231,231,Col(pHAD28); ColKP3; IncFIA; IncFIB(pQil); IncFII(K); IncFII(pAMA1167-NDM-5),unknown (KL51) (wzi104),unknown (K51),unknown (O1/O2v1),unknown (O1),4,iuc 5 (61-3LV),- (0),- (0),ybt 14; ICEKp5 (376),-,-
ERR4635750,11,3_3_1_1_1_1_4,18946,0_0_105_0_20_0_1_1_0_0,258,340,Col(pHAD28); IncFIA(pBK30683); IncFIB(pNDM-Mar); IncHI1B(pNDM-MAR); IncR,KL81 (wzi230),K81,OL101,unknown (OL101),1,- (0),- (0),- (0),ybt 13; ICEKp2 (494-3LV),-,-
ERR4635715,38,2_1_2_1_2_2_2,18624,0_0_184_0_3_0_0_0_1_0,38,38,Col(MG828); Col(pHAD28); Col440I; Col440II; ColKP3; IncFIB(K); IncFIB(pQil); IncFII(K); IncFII(K),KL52 (wzi50),K52,OL101,unknown (OL101),1,- (0),- (0),- (0),ybt 14; ICEKp5 (354-3LV),-,-
ERR4784746,147,3_4_6_1_7_4_38,18630,0_0_197_0_4_0_10_24_2_0,147,147,Col(pHAD28); ColKP3; IncFIB(pKPHS1); IncFII; IncFII(pKPX1); IncN2; IncR; repB(R1701),KL64 (wzi64),K64,O1/O2v1,O2a,1,- (0),- (0),- (0),ybt 10; ICEKp4 (384),-,-
SRR8859433,231,2_6_1_3_26_1_77,33093,0_0_88_0_0_0_0_36_2_0,231,231,Col440I; ColKP3; IncFIB(pQil); IncFII; IncFII(K),KL51 (wzi104),K51,O1/O2v2,O1,1,- (0),- (0),- (0),ybt 14; ICEKp5 (376),-,-
ERR3162633,29,2_3_2_2_6_4_4,21205,0_0_137_6_0_0_9_0_0_0,29,10208,Col440I; IncFIB(K); IncFII(K); IncFII(pHN7A8); IncN,unknown (KL107) (wzi19),unknown (KL107),unknown (O1/O2v1),unknown (O2a),1,- (0),- (0),- (0),ybt 14; ICEKp5 (151),-,-
ERR4784437,231,2_6_1_3_26_1_77,18587,0_0_88_0_0_0_0_38_0_0,231,231,Col(BS512); Col(pHAD28); ColKP3; IncFIA; IncFIB(pQil); IncFII(K); IncFII(pAMA1167-NDM-5),KL51 (wzi104),K51,O1/O2v2,O1,4,iuc 5 (61-3LV),- (0),- (0),ybt 14; ICEKp5 (376),-,-
ERR4784093,1958,71_1_1_2_16_4_40,18727,0_0_261_0_6_0_0_0_0_0,716,716,Col440II--IncR; IncFIB(K),KL110 (wzi89),unknown (KL110),O1/O2v1,O2a,0,- (0),- (0),- (0),- (0),-,-
ERR4784312,231,2_6_1_3_26_1_77,18542,0_0_88_0_0_0_0_14_2_0,231,231,Col(pHAD28); Col(pHAD28); Col440I; ColKP3; IncFIA; IncFIB(pQil); IncFII(K); IncFII(pAMA1167-NDM-5),KL51 (wzi104),K51,O1/O2v2,O1,4,iuc 5 (61-3LV),- (0),- (0),ybt 14; ICEKp5 (376),-,-
ERR4784115,147,3_4_6_1_7_4_38,18630,0_0_197_0_4_0_10_24_2_0,147,147,Col(pHAD28); ColKP3; IncFIB(pKPHS1); IncFII; IncFII(pKPX1); IncN2; IncR; repB(R1701),KL64 (wzi64),K64,O1/O2v1,O2a,1,- (0),- (0),- (0),ybt 10; ICEKp4 (384),-,-
ERR4784275,231,2_6_1_3_26_1_77,18542,0_0_88_0_0_0_0_14_2_0,231,231,Col(pHAD28); Col(pHAD28); Col440I; ColKP3; IncFIA; IncFIB(pQil); IncFII(K); IncFII(pAMA1167-NDM-5),KL51 (wzi104),K51,O1/O2v2,O1,4,iuc 5 (61-3LV),- (0),- (0),ybt 14; ICEKp5 (376),-,-
ERR4635721,147,3_4_6_1_7_4_38,18922,0_0_197_0_4_1_0_54_0_0,147,147,Col(pHAD28); IncFIB(pKPHS1); IncR,KL64 (wzi64),K64,O1/O2v1,O2a,1,- (0),- (0),- (0),ybt 9; ICEKp3 (173-2LV),-,-
ERR4784366,231,2_6_1_3_26_1_77,19044,0_0_88_0_0_0_0_71_0_0,231,231,Col(pHAD28); ColKP3; IncFIA; IncFIB(pQil); IncFII(K); IncFII(pAMA1167-NDM-5); IncL; IncN,KL51 (wzi104),K51,O1/O2v2,O1,4,iuc 5 (61-3LV),- (0),- (0),ybt 14; ICEKp5 (376),-,-
ERR4920486,967,2_1_19_4_9_4_34,17808,0_0_254_0_0_0_5_0_0_0,967,967,IncFIB(K)(pCAV1099-114); IncFIB(pNDM-Mar); IncHI1B(pNDM-MAR),KL18 (wzi81),K18,O1/O2v2,O1,0,- (0),- (0),- (0),- (0),-,-
ERR3162585,231,2_6_1_3_26_1_77,19493,0_0_88_0_0_0_0_0_10_0,231,231,Col(pHAD28); ColKP3; IncFIA; IncFIB(pQil); IncFII(K); IncFII(pAMA1167-NDM-5),unknown (KL107) (wzi104),unknown (KL107),unknown (O1/O2v1),unknown (O1),4,iuc 5 (61-3LV),- (0),- (0),ybt 14; ICEKp5 (376),-,-
ERR3162580,14,1_6_1_1_1_1_1,19566,0_0_1_1_17_0_3_0_19_0,14,14,ColKP3; IncFIB(K); IncFIB(pNDM-Mar); IncFII(K),unknown (KL2) (wzi2),unknown (K2),unknown (O1/O2v1),unknown (O2a),1,- (0),- (0),- (0),ybt 14; ICEKp5 (140),-,-
ERR4784263,231,2_6_1_3_26_1_77,18588,0_0_88_0_0_0_0_14_15_0,231,231,Col(pHAD28); Col(pHAD28); ColKP3; IncFIB(pQil); IncFII(K),KL51 (wzi104),K51,O1/O2v2,O1,1,- (0),- (0),- (0),ybt 14; ICEKp5 (376),-,-
ERR3162560,307,4_1_2_52_1_1_7,*b2c6,0_0_369_0_0_0_0_180_0_?,307,307,IncFIB(K),unknown (KL102) (wzi173),unknown (KL102),unknown (O1/O2v1),unknown (O2a),1,- (0),- (0),- (0),ybt 10; ICEKp4 (92-1LV),-,-
ERR4784131,231,2_6_1_3_26_1_77,18542,0_0_88_0_0_0_0_14_2_0,231,231,Col(pHAD28); Col(pHAD28); Col440I; ColKP3; IncFIA; IncFIB(pQil); IncFII(K); IncFII(pAMA1167-NDM-5),KL51 (wzi104),K51,O1/O2v2,O1,4,iuc 5 (61-3LV),- (0),- (0),ybt 14; ICEKp5 (376),-,-
ERR4784392,231,2_6_1_3_26_1_77,18746,0_0_88_0_0_0_0_14_3_0,231,231,Col440I; ColKP3; IncFIA; IncFIB(pQil); IncFII(K); IncFII(pAMA1167-NDM-5),KL51 (wzi104),K51,O1/O2v2,O1,4,iuc 5 (61-3LV),- (0),- (0),ybt 14; ICEKp5 (376),-,-
ERR4785087,395,3_1_2_4_1_1_4,18833,0_0_106_1_0_0_0_0_14_0,395,10190,Col(pHAD28); Col(pHAD28)--Col(pHAD28); ColKP3; IncFIB(pQil),KL64 (wzi64),K64,O1/O2v1,O1,1,- (0),- (0),- (0),ybt 16; ICEKp12 (280-1LV),-,-
ERR4784094,231,2_6_1_3_26_1_77,18542,0_0_88_0_0_0_0_14_2_0,231,231,Col(pHAD28); Col(pHAD28); Col440I; ColKP3; IncFIA; IncFIB(pQil); IncFII(K); IncFII(pAMA1167-NDM-5),KL51 (wzi104),K51,O1/O2v2,O1,4,iuc 5 (61-3LV),- (0),- (0),ybt 14; ICEKp5 (376),-,-
ERR4635743,231,2_6_1_3_26_1_77,18814,0_0_88_0_0_0_0_0_8_0,231,231,Col440I; ColKP3; IncFIA; IncFIB(pQil); IncFII(K); IncFII(pAMA1167-NDM-5),unknown (KL51) (-),unknown (K51),O1/O2v2,O1,4,iuc 5 (truncated) (61-3LV),- (0),- (0),ybt 14; ICEKp5 (376-1LV),-,-
SRR9966443,14,1_6_1_1_1_1_1,34207,0_0_1_1_17_0_2_8_0_0,14,14,Col(pHAD28); ColKP3; IncFIA(pBK30683); IncFIB(K); IncFII; IncFII(K); IncR,KL2 (wzi2),K2,O1/O2v1,O1,1,- (0),- (0),- (0),ybt 14; ICEKp5 (140),-,-
ERR4784223,231,2_6_1_3_26_1_77,18542,0_0_88_0_0_0_0_14_2_0,231,231,Col(pHAD28); Col(pHAD28); Col440I; ColKP3; IncFIA; IncFIB(pQil); IncFII(K); IncFII(pAMA1167-NDM-5),KL51 (wzi104),K51,O1/O2v2,O1,4,iuc 5 (61-3LV),- (0),- (0),ybt 14; ICEKp5 (376),-,-
ERR4784431,231,2_6_1_3_26_1_77,18612,0_0_88_0_0_0_30_0_0_0,231,231,Col440I; ColKP3; IncFIA; IncFIB(pQil); IncFII(K); IncFII(pAMA1167-NDM-5),KL51 (wzi104),K51,O1/O2v2,O1,4,iuc unknown (0),- (0),- (0),ybt 14; ICEKp5 (376),-,-
ERR4784709,147,3_4_6_1_7_4_38,18630,0_0_197_0_4_0_10_24_2_0,147,147,Col(pHAD28); ColKP3; IncFIB(pKPHS1); IncFII; IncFII(pKPX1); IncN2; IncR; repB(R1701),KL64 (wzi64),K64,O1/O2v1,O2a,1,- (0),- (0),- (0),ybt 10; ICEKp4 (384),-,-
ERR4784935,231,2_6_1_3_26_1_77,18837,0_0_88_0_0_0_0_0_9_0,231,231,Col(pHAD28); Col(pHAD28); Col(pHAD28); ColKP3; IncFIA; IncFIB(pQil); IncFII(K); IncFII(pAMA1167-NDM-5),KL51 (wzi104),K51,O1/O2v2,O1,1,- (0),- (0),- (0),ybt 14; ICEKp5 (376-1LV),-,-
ERR4784338,2497,3_1_2_4_1_46_4,18565,0_0_106_1_0_0_0_0_19_0,395,10190,Col(pHAD28); Col(pHAD28)--Col(pHAD28); ColKP3; IncFIB(pQil),KL64 (wzi64),K64,O1/O2v1,O1,1,- (0),- (0),- (0),ybt 16; ICEKp12 (280),-,-
ERR4784735,147,3_4_6_1_7_4_38,18556,0_0_197_0_4_0_10_24_0_0,147,147,Col(pHAD28); IncFIB(pKPHS1); IncFII; IncFII(pKPX1); IncN2; IncR; repB(R1701),KL64 (wzi64),K64,O1/O2v1,O2a,1,- (0),- (0),- (0),ybt 10; ICEKp4 (384),-,-
ERR4784472,231,2_6_1_3_26_1_77,1235,0_0_88_0_0_0_0_0_2_0,231,231,Col(pHAD28); ColKP3; IncFIA; IncFIB(pQil); IncFII(K); IncFII(pAMA1167-NDM-5),KL51 (wzi104),K51,O1/O2v2,O1,4,iuc 5 (truncated) (61-3LV),- (0),- (0),ybt 14; ICEKp5 (152-2LV),-,-
ERR3162635,14,1_6_1_1_1_1_1,*dc1f,0_0_1_0_27_0_0_?_?_?,14,10156,IncFIB(K); IncFIB(pNDM-Mar); IncHI1B(pNDM-MAR),unknown (KL16) (wzi16),unknown (K16),O1/O2v1,O1,0,- (0),- (0),- (0),- (0),-,-
ERR4784753,395,3_1_2_4_1_1_4,18719,0_0_106_1_0_0_0_0_3_0,395,10190,Col(pHAD28); Col(pHAD28)--Col(pHAD28); IncFIB(pQil); IncFII; IncX3,KL64 (wzi64),K64,O1/O2v1,O1,1,- (0),- (0),- (0),ybt 16; ICEKp12 (280),-,-
ERR4784311,231,2_6_1_3_26_1_77,18807,0_0_88_0_0_0_22_0_0_0,231,231,Col(MG828); Col440I; Col440II; ColKP3; ColRNAI; IncFIA; IncFIB(pQil); IncFII(K); IncFII(pAMA1167-NDM-5); IncX4,KL51 (wzi104),K51,O1/O2v2,O1,4,iuc 5 (61-3LV),- (0),- (0),ybt 14; ICEKp5 (376-1LV),-,-
ERR4785052,231,2_6_1_3_26_1_77,18846,0_0_88_0_0_0_28_1_0_0,231,231,Col(pHAD28); Col440I; Col440I; ColKP3; IncFIB(K); IncFIB(pQil); IncFII(K); IncX4; repB(R1701),KL51 (wzi104),K51,O1/O2v2,O1,1,- (0),- (0),- (0),ybt 14; ICEKp5 (376-1LV),-,-
ERR4784840,231,2_6_1_3_26_1_77,18590,0_0_88_0_0_0_0_14_12_0,231,231,Col440I; ColKP3; IncFIA; IncFIB(pQil); IncFII(K); IncFII(pAMA1167-NDM-5),KL51 (wzi104),K51,O1/O2v2,O1,4,iuc 5 (61-3LV),- (0),- (0),ybt 14; ICEKp5 (376),-,-
SRR8859438,147,3_4_6_1_7_4_38,31816,0_0_197_0_17_0_5_9_0_0,147,147,Col(pHAD28); IncFIA(pBK30683); IncFII; IncHI1B(pNDM-MAR); IncR,KL10 (wzi420),K10,O3/O3a,O3/O3a,0,- (0),- (0),- (0),- (0),-,-
ERR4635718,38,2_1_2_1_2_2_2,18766,0_0_184_0_3_0_0_0_1_0,38,38,Col(MG828); Col(pHAD28)--Col440I; Col440II; ColKP3; IncFIB(K); IncFIB(pQil); IncFII(K); IncFII(K),KL52 (wzi50),K52,OL101,unknown (OL101),1,- (0),- (0),- (0),ybt 14; ICEKp5 (354-3LV),-,-
ERR4784085,395,3_1_2_4_1_1_4,11197,0_0_106_1_0_0_0_0_1_0,395,10190,Col(pHAD28); Col(pHAD28)--Col(pHAD28); IncC; IncFIB(pQil),KL64 (wzi64),K64,O1/O2v1,O1,1,- (0),- (0),- (0),ybt 16; ICEKp12 (280),-,-
ERR4784266,231,2_6_1_3_26_1_77,18542,0_0_88_0_0_0_0_14_2_0,231,231,Col(pHAD28); Col(pHAD28); Col440I; ColKP3; IncFIA; IncFIB(pQil); IncFII(K); IncFII(pAMA1167-NDM-5),KL51 (wzi104),K51,O1/O2v2,O1,4,iuc 5 (61-3LV),- (0),- (0),ybt 14; ICEKp5 (376),-,-
ERR4785057,231,2_6_1_3_26_1_77,1235,0_0_88_0_0_0_0_0_2_0,231,231,Col(pHAD28); ColKP3; IncFIA; IncFIB(pQil); IncFII(K); IncFII(pAMA1167-NDM-5),KL51 (wzi104),K51,O1/O2v2,O1,4,iuc 5 (truncated) (61-3LV),- (0),- (0),ybt 14; ICEKp5 (376-1LV),-,-
ERR4785002,395,3_1_2_4_1_1_4,19174,0_0_106_1_0_2_0_0_0_0,395,10190,Col(pHAD28); Col(pHAD28)--Col(pHAD28); ColKP3; IncFIB(pQil); IncFII,KL64 (wzi64),K64,O1/O2v1,O1,1,- (0),- (0),- (0),ybt 16; ICEKp12 (280),-,-
ERR3162612,231,2_6_1_3_26_1_77,*652a,0_0_88_0_0_0_28_?_?_?,231,231,Col(pHAD28)--Col440I; ColKP3; IncFIA; IncFIB(pQil); IncFII(K); IncFII(pAMA1167-NDM-5); IncX4,unknown (KL51) (wzi104),unknown (K51),O1/O2v2,O1,4,iuc 5 (61-3LV),- (0),- (0),ybt 14; ICEKp5 (376),-,-
SRR8859439,25,2_1_1_1_10_4_13,34167,0_0_388_1_15_0_0_2_0_0,25,25,ColRNAI; IncFIB(K); IncFIB(pB171); IncFII(Yp); IncI1-I(Alpha),KL2 (wzi72),K2,O1/O2v2,O2afg,1,- (0),- (0),- (0),ybt 14; ICEKp5 (145-2LV),-,-
ERR4784359,231,2_6_1_3_26_1_77,18581,0_0_88_0_0_0_0_37_0_0,231,231,ColKP3; ColRNAI; IncFIA; IncFIB(pQil); IncFII(K); IncFII(pAMA1167-NDM-5),KL51 (wzi104),K51,O1/O2v2,O1,4,iuc 5 (61-3LV),- (0),- (0),ybt 14; ICEKp5 (376),-,-
ERR4784717,147,3_4_6_1_7_4_38,18630,0_0_197_0_4_0_10_24_2_0,147,147,Col(pHAD28); ColKP3; IncFIB(pKPHS1); IncFII; IncFII(pKPX1); IncN2; IncR; repB(R1701),KL64 (wzi64),K64,O1/O2v1,O2a,1,- (0),- (0),- (0),ybt 10; ICEKp4 (384),-,-
ERR4784848,14,1_6_1_1_1_1_1,18678,0_0_1_1_17_0_0_4_0_0,14,14,IncFII(pHN7A8); IncR,KL2 (wzi2),K2,O1/O2v1,O1,1,- (0),- (0),- (0),ybt 14; ICEKp5 (140-1LV),-,-
ERR4784041,14,1_6_1_1_1_1_1,19046,0_0_1_1_17_0_3_0_13_0,14,14,ColKP3; IncFIA(pBK30683); IncFIB(K); IncFIB(pNDM-Mar); IncFII; IncFII(K); IncHI1B(pNDM-MAR); IncR,KL2 (wzi2),K2,O1/O2v1,O2a,1,- (0),- (0),- (0),ybt 14; ICEKp5 (140),-,-
ERR4784128,147,3_4_6_1_7_4_38,18687,0_0_197_0_4_0_10_24_1_0,147,147,Col(pHAD28); ColKP3; IncFIB(pKPHS1); IncFII; IncFII(pKPX1); IncN2; IncR; repB(R1701),KL64 (wzi64),K64,O1/O2v1,O2a,1,- (0),- (0),- (0),ybt 10; ICEKp4 (384),-,-
ERR4784236,231,2_6_1_3_26_1_77,19196,0_0_88_0_0_0_0_14_15_0,231,231,Col(pHAD28); Col(pHAD28); ColKP3; IncFIA; IncFIB(pQil); IncFII(K); IncFII(pAMA1167-NDM-5),KL51 (wzi104),K51,O1/O2v2,O1,4,iuc 5 (61-3LV),- (0),- (0),ybt 14; ICEKp5 (376),-,-
ERR4635631,5602,2_6_1_3_26_1_758,*be0a,0_0_88_0_0_0_0_0_?_?,231,231,Col(pHAD28); Col440I; ColKP3; IncFIA; IncFIB(K); IncFIB(pQil); IncFII(K); IncFII(pAMA1167-NDM-5),KL51 (wzi104),K51,O1/O2v2,O1,4,iuc 5 (truncated) (61-3LV),- (0),- (0),ybt 14; ICEKp5 (376),-,-
ERR4784896,147,3_4_6_1_7_4_38,18585,0_0_197_0_4_0_10_30_0_0,147,147,Col(BS512); Col(pHAD28); ColKP3; IncFIB(pNDM-Mar)--IncHI1B(pNDM-MAR); IncFII(pKPX1); IncR; repB(R1701),KL64 (wzi64),K64,O1/O2v1,O2a,1,- (0),- (0),- (0),ybt 10; ICEKp4 (384),-,-
ERR4784713,147,3_4_6_1_7_4_38,18556,0_0_197_0_4_0_10_24_0_0,147,147,Col(pHAD28); IncFIB(pKPHS1); IncFII; IncFII(pKPX1); IncN2; IncR; repB(R1701),KL64 (wzi64),K64,O1/O2v1,O2a,1,- (0),- (0),- (0),ybt 10; ICEKp4 (384),-,-
ERR4784468,147,3_4_6_1_7_4_38,665,0_0_197_0_4_0_10_0_0_0,147,147,Col(pHAD28); ColKP3; IncR; repB(R1701),KL64 (wzi64),K64,O1/O2v1,O2a,1,- (0),- (0),- (0),ybt 10; ICEKp4 (384),-,-
ERR4784999,469,2_1_2_1_10_1_4,18518,0_0_250_2_0_0_0_2_0_0,292,10359,IncFIB(K),KL139 (wzi493),unknown (KL139),O3b,O3b,0,- (0),- (0),- (0),- (0),-,-
ERR4784184,2096,1_6_1_1_1_46_1,18739,0_0_1_1_17_0_3_52_1_0,14,14,Col(pHAD28); ColKP3; ColRNAI; IncFIB(K); IncFIB(pNDM-Mar); IncFII(K); IncFII(pKPX1); IncHI1B(pNDM-MAR); IncR; IncX3,KL64 (wzi64),K64,O1/O2v1,O1,4,iuc 1 (1),- (0),- (0),ybt 14; ICEKp5 (376),-,rmpA2_8-60%
ERR4635753,395,3_1_2_4_1_1_4,19016,0_0_106_1_0_0_0_7_0_0,395,10190,Col(pHAD28); Col(pHAD28); Col(pHAD28); IncFIB(pNDM-Mar); IncFIB(pQil); IncHI1B(pNDM-MAR),KL64 (wzi64),K64,O1/O2v1,O1,1,- (0),- (0),- (0),ybt 16; ICEKp12 (280),-,-
ERR4785104,14,1_6_1_1_1_1_1,18625,0_0_1_1_17_0_3_0_12_0,14,14,IncFIB(K); IncFII(K),KL2 (wzi2),K2,O1/O2v1,O1,1,- (0),- (0),- (0),ybt 14; ICEKp5 (140-1LV),-,-
ERR4785015,147,3_4_6_1_7_4_38,18568,0_0_197_0_17_0_5_4_0_0,147,147,Col(pHAD28); IncFIA(pBK30683); IncFII; IncR,KL10 (wzi420),K10,O3/O3a,O3/O3a,0,- (0),- (0),- (0),- (0),-,-
ERR4785028,16,2_1_2_1_4_4_4,18802,0_0_22_27_0_2_0_5_1_0,17,16,Col(MG828); Col(pHAD28)--Col440II; IncFIA(pBK30683); IncFIB(K); IncFII(K); IncX3,KL81 (wzi230),K81,OL101,unknown (OL101),1,- (0),- (0),- (0),ybt 16; ICEKp12 (277),-,-
ERR4784847,231,2_6_1_3_26_1_77,18542,0_0_88_0_0_0_0_14_2_0,231,231,Col(pHAD28); Col(pHAD28); Col440I; ColKP3; IncFIA; IncFIB(pQil); IncFII(K); IncFII(pAMA1167-NDM-5),KL51 (wzi104),K51,O1/O2v2,O1,4,iuc 5 (61-3LV),- (0),- (0),ybt 14; ICEKp5 (376),-,-
ERR4784363,437,3_3_1_1_1_1_31,18757,0_0_105_1_1_1_0_35_1_0,258,10268,Col(IMGS31); Col(pHAD28)--Col(pHAD28); ColKP3; IncFIB(pQil); IncFII,KL36 (wzi109),K36,O4,O4,1,- (0),- (0),- (0),ybt 9; ICEKp3 (179-2LV),-,-
ERR4784250,231,2_6_1_3_26_1_77,18542,0_0_88_0_0_0_0_14_2_0,231,231,Col(pHAD28); Col(pHAD28); Col440I; ColKP3; IncFIA; IncFIB(pQil); IncFII(K); IncFII(pAMA1167-NDM-5),KL51 (wzi104),K51,O1/O2v2,O1,4,iuc 5 (61-3LV),- (0),- (0),ybt 14; ICEKp5 (376),-,-
ERR4784304,147,3_4_6_1_7_4_38,19131,0_0_197_0_20_0_0_0_1_0,147,147,Col(pHAD28); IncFIB(pKPHS1),KL81 (wzi230),K81,OL101,unknown (OL101),0,- (0),- (0),- (0),- (0),-,-
ERR3162559,14,1_6_1_1_1_1_1,19637,0_0_1_1_17_0_3_58_0_0,14,14,ColKP3; IncFIA(pBK30683); IncFIB(K); IncR,unknown (KL2) (wzi2),unknown (K2),O1/O2v1,O2a,1,- (0),- (0),- (0),ybt 14; ICEKp5 (140),-,-
ERR4784081,14,1_6_1_1_1_1_1,19014,0_0_1_1_17_0_3_42_0_0,14,14,Col(pHAD28); IncFIB(K); IncFIB(pNDM-Mar); IncHI1B(pNDM-MAR),KL64 (wzi64),K64,O1/O2v1,O1,4,iuc 1 (1),- (0),- (0),ybt 14; ICEKp5 (140-1LV),-,rmpA2_8-60%
ERR4784892,231,2_6_1_3_26_1_77,18940,0_0_88_0_0_0_0_14_18_0,231,231,Col(pHAD28); Col(pHAD28); ColKP3; IncFIA; IncFIB(pQil); IncFII(K); IncFII(pAMA1167-NDM-5),KL51 (wzi104),K51,O1/O2v2,O1,4,iuc 5 (61-3LV),- (0),- (0),ybt 14; ICEKp5 (376-1LV),-,-
ERR3162584,231,2_6_1_3_26_1_77,*8efb,0_0_88_0_0_0_0_?_?_?,231,231,Col(pHAD28); ColKP3; IncFIA; IncFIB(pQil); IncFII(K); IncFII(pAMA1167-NDM-5),unknown (KL107) (wzi104),unknown (KL107),unknown (O1/O2v1),unknown (O2a),4,iuc 5 (61-3LV),- (0),- (0),ybt 14; ICEKp5 (376),-,-
SRR8859443,147,3_4_6_1_7_4_38,*1e3f,0_0_197_0_17_0_5_?_?_?,147,147,Col(pHAD28); IncFIA(pBK30683); IncFII; IncHI1B(pNDM-MAR); IncR,KL10 (wzi420),K10,O3/O3a,O3/O3a,0,- (0),- (0),- (0),- (0),-,-
ERR4784742,147,3_4_6_1_7_4_38,18556,0_0_197_0_4_0_10_24_0_0,147,147,Col(pHAD28); IncFIB(pKPHS1); IncFII; IncFII(pKPX1); IncN2; IncR; repB(R1701),KL64 (wzi64),K64,O1/O2v1,O2a,1,- (0),- (0),- (0),ybt 10; ICEKp4 (384),-,-
ERR4784795,15,1_1_1_1_1_1_1,18864,0_0_0_0_2_0_132_0_0_0,15,15,Col(pHAD28); ColKP3; ColRNAI; IncFIB(K); IncFII,KL112 (wzi93),unknown (KL112),O1/O2v1,O1,1,- (0),- (0),- (0),ybt 10; ICEKp4 (17),-,-
ERR4784476,11,3_3_1_1_1_1_4,18611,0_0_105_0_9_0_9_0_0_0,258,340,Col(pHAD28)--Col440II; Col440I; Col440I; IncFIB(K); IncFII(K); IncFII(pKPX1); repB(R1701),KL15 (wzi50),K15,O4,O4,1,- (0),- (0),- (0),ybt 9; ICEKp3 (183),-,-
ERR4784887,231,2_6_1_3_26_1_77,18584,0_0_88_0_0_0_0_33_0_0,231,231,Col(pHAD28); Col(pHAD28); IncFIA; IncFIB(pQil); IncFII(K); IncFII(pAMA1167-NDM-5); IncN,KL51 (wzi104),K51,O1/O2v2,O1,4,iuc 5 (61-3LV),- (0),- (0),ybt 14; ICEKp5 (376),-,-
ERR4784246,147,3_4_6_1_7_4_38,18551,0_0_197_0_4_0_10_24_1_0,147,147,Col(pHAD28); ColKP3; IncFII; IncFII(pKPX1); IncN2; IncR; repB(R1701),KL64 (wzi64),K64,O1/O2v1,O2a,1,- (0),- (0),- (0),ybt 10; ICEKp4 (384),-,-
ERR4784400,147,3_4_6_1_7_4_38,18609,0_0_197_0_4_0_78_0_0_0,147,147,Col(pHAD28); Col440I; IncFIB(pQil); IncFII(K); IncR,KL64 (wzi64),K64,O1/O2v1,O2a,1,- (0),- (0),- (0),ybt 16; ICEKp12 (280),-,-
ERR3162610,985,10_3_2_2_6_4_4,*fae7,0_0_137_9_3_0_0_?_?_?,29,985,IncFIB(K)--IncFII(K),unknown (KL39) (wzi39),unknown (K39),unknown (O1/O2v2),unknown (O1),1,- (0),- (0),- (0),ybt 16; ICEKp12 (277),-,-
ERR4784108,231,2_6_1_3_26_1_77,18542,0_0_88_0_0_0_0_14_2_0,231,231,Col(pHAD28); Col(pHAD28); Col440I; ColKP3; IncFIA; IncFIB(pQil); IncFII(K); IncFII(pAMA1167-NDM-5),KL51 (wzi104),K51,O1/O2v2,O1,4,iuc 5 (61-3LV),- (0),- (0),ybt 14; ICEKp5 (376),-,-
ERR4784229,231,2_6_1_3_26_1_77,18588,0_0_88_0_0_0_0_14_15_0,231,231,Col(pHAD28); Col(pHAD28); ColKP3; IncFIA; IncFIB(pQil); IncFII(K); IncFII(pAMA1167-NDM-5),KL51 (wzi104),K51,O1/O2v2,O1,4,iuc 5 (61-3LV),- (0),- (0),ybt 14; ICEKp5 (376),-,-
ERR3162579,86,9_4_2_1_1_1_27,*1480,0_0_395_0_33_0_0_0_?_?,86,86,Col(pHAD28); IncHI1B(pNDM-MAR)--repB_KLEB,unknown (KL2) (wzi2),unknown (K2),O1/O2v1,O1,3,iuc 1 (1),- (0),- (0),- (0),-,-
ERR4784435,231,2_6_1_3_26_1_77,18584,0_0_88_0_0_0_0_33_0_0,231,231,Col(pHAD28); Col(pHAD28); IncFIA; IncFIB(pQil); IncFII(K); IncFII(pAMA1167-NDM-5); IncN,KL51 (wzi104),K51,O1/O2v2,O1,4,iuc 5 (61-3LV),- (0),- (0),ybt 14; ICEKp5 (376),-,-
ERR4784145,231,2_6_1_3_26_1_77,18542,0_0_88_0_0_0_0_14_2_0,231,231,Col(pHAD28); Col(pHAD28); Col440I; ColKP3; IncFIA; IncFIB(pQil); IncFII(K); IncFII(pAMA1167-NDM-5),KL51 (wzi104),K51,O1/O2v2,O1,4,iuc 5 (61-3LV),- (0),- (0),ybt 14; ICEKp5 (376),-,-
ERR4784938,15,1_1_1_1_1_1_1,18979,0_0_0_0_2_0_0_181_0_0,15,15,Col(pHAD28); ColRNAI; IncC; IncFIB(pKPHS1),KL2 (wzi2),K2,O1/O2v1,O1,1,- (0),- (0),- (0),ybt 16; ICEKp12 (277),-,-
ERR4784991,147,3_4_6_1_7_4_38,18585,0_0_197_0_4_0_10_30_0_0,147,147,Col(BS512); Col(pHAD28); IncFIB(pNDM-Mar)--IncHI1B(pNDM-MAR); IncFII(pKPX1); IncR; repB(R1701),KL64 (wzi64),K64,O1/O2v1,O2a,1,- (0),- (0),- (0),ybt 10; ICEKp4 (384),-,-
ERR4784315,14,1_6_1_1_1_1_1,18994,0_0_1_1_11_0_0_3_0_0,14,14,Col(MG828); IncFIB(K); IncFIB(pNDM-Mar)--IncHI1B(pNDM-MAR),KL2 (wzi2),K2,O1/O2v1,O1,1,- (0),- (0),- (0),ybt 9; ICEKp3 (183-1LV),-,-
ERR4635634,231,2_6_1_3_26_1_77,18814,0_0_88_0_0_0_0_0_8_0,231,231,Col440I; ColKP3; IncFIA; IncFIB(pQil); IncFII(K); IncFII(pAMA1167-NDM-5),unknown (KL51) (-),unknown (K51),O1/O2v2,O1,4,iuc 5 (truncated) (61-3LV),- (0),- (0),ybt 14; ICEKp5 (376-1LV),-,-
ERR4635746,231,2_6_1_3_26_1_77,1235,0_0_88_0_0_0_0_0_2_0,231,231,Col(pHAD28); Col440I; ColKP3; IncFIA; IncFIB(pQil); IncFII(K); IncFII(pAMA1167-NDM-5),KL51 (wzi104),K51,O1/O2v2,O1,4,iuc 5 (truncated) (61-3LV),- (0),- (0),ybt 14; ICEKp5 (376-1LV),-,-
ERR4784169,231,2_6_1_3_26_1_77,18542,0_0_88_0_0_0_0_14_2_0,231,231,Col(pHAD28); Col(pHAD28); Col440I; ColKP3; IncFIA; IncFIB(pQil); IncFII(K); IncFII(pAMA1167-NDM-5),KL51 (wzi104),K51,O1/O2v2,O1,4,iuc 5 (61-3LV),- (0),- (0),ybt 14; ICEKp5 (376),-,-
ERR3162586,2096,1_6_1_1_1_46_1,19439,0_0_1_1_17_0_3_56_0_0,14,14,Col(pHAD28); ColKP3; ColRNAI; IncFIB(K); IncFIB(pNDM-Mar); IncHI1B(pNDM-MAR),unknown (KL107) (wzi64),unknown (KL107),unknown (O1/O2v1),unknown (O2a),4,iuc 1 (1),- (0),- (0),ybt 14; ICEKp5 (140-1LV),-,-
ERR4784102,231,2_6_1_3_26_1_77,18736,0_0_88_0_0_0_0_14_7_0,231,231,Col(pHAD28); Col(pHAD28); Col440I; ColKP3; IncFIA; IncFIB(pQil); IncFII(K); IncFII(pAMA1167-NDM-5),KL51 (wzi104),K51,O1/O2v2,O1,4,iuc 5 (61-3LV),- (0),- (0),ybt 14; ICEKp5 (376),-,-
ERR4784144,147,3_4_6_1_7_4_38,18556,0_0_197_0_4_0_10_24_0_0,147,147,Col(pHAD28); ColKP3; IncFIB(pKPHS1); IncFII; IncFII(pKPX1); IncN2; IncR; repB(R1701),KL64 (wzi64),K64,O1/O2v1,O2a,1,- (0),- (0),- (0),ybt 10; ICEKp4 (384),-,-
ERR4635712,11,3_3_1_1_1_1_4,7700,0_0_105_11_0_2_0_0_0_0,258,3666,IncC; IncFIB(K); IncFIB(pQil); IncFII(K); IncFII(K); IncR; IncX3,KL2 (wzi2),K2,O1/O2v1,O2a,1,- (0),- (0),- (0),ybt 16; ICEKp12 (277-1LV),-,-
SRR9966442,14,1_6_1_1_1_1_1,33202,0_0_1_1_17_0_8_1_4_0,14,14,ColKP3; IncFIA(pBK30683); IncFIB(K); IncFIB(pKPHS1); IncFII; IncFII(K); IncR,KL2 (wzi2),K2,O1/O2v1,O2a,1,- (0),- (0),- (0),ybt 14; ICEKp5 (140-2LV),-,-
ERR4784350,231,2_6_1_3_26_1_77,18591,0_0_88_0_0_0_0_14_1_0,231,231,Col(pHAD28); Col(pHAD28); ColKP3; IncFIA; IncFIB(pQil); IncFII(K); IncFII(pAMA1167-NDM-5),KL51 (wzi104),K51,O1/O2v2,O1,4,iuc 5 (61-3LV),- (0),- (0),ybt 14; ICEKp5 (376),-,-
ERR4784837,16,2_1_2_1_4_4_4,18802,0_0_22_27_0_2_0_5_1_0,17,16,Col(pHAD28)--Col(pHAD28)--Col440II; IncFIA(pBK30683); IncFIB(K); IncFII(K); IncX3,unknown (KL81) (wzi230),unknown (K81),OL101,unknown (OL101),1,- (0),- (0),- (0),ybt 16; ICEKp12 (277),-,-
ERR4920488,25,2_1_1_1_10_4_13,*42b2,0_0_388_1_15_0_0_?_?_?,25,25,IncFIB(K); IncFIB(pQil); IncFII(K); IncX3,KL2 (wzi72),K2,O1/O2v2,O2afg,1,- (0),- (0),- (0),ybt 14; ICEKp5 (145-2LV),-,-
ERR4784433,14,1_6_1_1_1_1_1,18515,0_0_1_1_17_0_26_0_0_0,14,14,ColKP3; IncFIB(K); IncFIB(pNDM-Mar); IncFII(K); IncHI1B(pNDM-MAR),KL2 (wzi2),K2,O1/O2v1,O1,1,- (0),- (0),- (0),ybt 14; ICEKp5 (140),-,-
ERR3162593,14,1_6_1_1_1_1_1,19401,0_0_1_1_17_0_8_1_1_0,14,14,ColKP3; IncFIA(pBK30683); IncFIB(K); IncFIB(pKPHS1); IncFII; IncFII(K); IncR,unknown (KL2) (wzi2),unknown (K2),O1/O2v1,O1,1,- (0),- (0),- (0),ybt 14; ICEKp5 (140-2LV),-,-
ERR4785112,14,1_6_1_1_1_1_1,19046,0_0_1_1_17_0_3_0_13_0,14,14,ColKP3; IncFIA(pBK30683); IncFIB(K); IncFIB(pNDM-Mar); IncFII; IncFII(K); IncHI1B(pNDM-MAR); IncR,KL2 (wzi2),K2,O1/O2v1,O2a,1,- (0),- (0),- (0),ybt 14; ICEKp5 (140),-,-
ERR4784248,147,3_4_6_1_7_4_38,*f092,0_0_197_0_4_0_10_24_?_?,147,147,Col(pHAD28); Col(pHAD28); Col440I; ColKP3; IncFIA; IncFIB(pKPHS1); IncFIB(pQil); IncFII; IncFII(K); IncFII(pKPX1); IncN2; IncR; repB(R1701),KL64 (wzi104),K64,O1/O2v2,O1,4,iuc 5 (61-3LV),- (0),- (0),ybt 10; ICEKp4 (384),-,-
ERR4784767,469,2_1_2_1_10_1_4,18518,0_0_250_2_0_0_0_2_0_0,292,10359,IncFIB(K),KL139 (wzi493),unknown (KL139),O3b,O3b,0,- (0),- (0),- (0),- (0),-,-
ERR4784464,231,2_6_1_3_26_1_77,18552,0_0_88_0_0_0_0_53_0_0,231,231,Col(pHAD28); Col(pHAD28); IncFIA; IncFIB(pQil); IncFII(K); IncFII(pAMA1167-NDM-5),KL51 (wzi104),K51,O1/O2v2,O1,4,iuc unknown (0),- (0),- (0),ybt 14; ICEKp5 (376),-,-
ERR4784116,147,3_4_6_1_7_4_38,18556,0_0_197_0_4_0_10_24_0_0,147,147,Col(pHAD28); ColKP3; IncFIB(pKPHS1); IncFII; IncFII(pKPX1); IncN2; IncR; repB(R1701),KL64 (wzi64),K64,O1/O2v1,O2a,1,- (0),- (0),- (0),ybt 10; ICEKp4 (384),-,-
ERR4784451,231,2_6_1_3_26_1_77,18552,0_0_88_0_0_0_0_53_0_0,231,231,Col(pHAD28); Col(pHAD28); IncFIA; IncFIB(pQil); IncFII(K); IncFII(pAMA1167-NDM-5),KL51 (wzi104),K51,O1/O2v2,O1,4,iuc 5 (61-3LV),- (0),- (0),ybt 14; ICEKp5 (376),-,-
ERR4784199,14,1_6_1_1_1_1_1,19182,0_0_1_1_17_0_3_0_17_0,14,14,ColRNAI; IncFIA(pBK30683); IncFIB(K); IncFIB(pNDM-Mar); IncHI1B(pNDM-MAR); IncR,KL2 (wzi2),K2,O1/O2v1,O1,1,- (0),- (0),- (0),ybt 14; ICEKp5 (140-1LV),-,-
ERR4785023,231,2_6_1_3_26_1_77,18511,0_0_88_0_0_0_0_24_0_0,231,231,Col(pHAD28); Col440I; ColKP3; IncFIA; IncFIB(pQil); IncFII(K); IncFII(pAMA1167-NDM-5),KL51 (wzi104),K51,O1/O2v2,O1,4,iuc 5 (truncated) (61-3LV),- (0),- (0),ybt 14; ICEKp5 (376-1LV),-,-
ERR4824536,147,3_4_6_1_7_4_38,1368,0_0_197_0_4_0_10_0_1_0,147,147,Col(MG828); IncFII; IncFII(pKPX1); IncR; repB(R1701),unknown (KL64) (wzi64),unknown (K64),O1/O2v1,O2a,1,- (0),- (0),- (0),ybt 10; ICEKp4 (384),-,-
SRR10850262,147,3_4_6_1_7_4_38,25051,0_0_197_0_17_0_5_7_0_0,147,147,Col(pHAD28); ColKP3; IncFIA(pBK30683); IncFIB(pKPHS1); IncFII; IncR,KL10 (wzi420),K10,O3/O3a,O3/O3a,0,- (0),- (0),- (0),- (0),-,-
ERR4784334,395,3_1_2_4_1_1_4,18719,0_0_106_1_0_0_0_0_3_0,395,10190,Col(pHAD28); Col(pHAD28)--Col(pHAD28); IncFIB(pQil),KL64 (wzi64),K64,O1/O2v1,O1,1,- (0),- (0),- (0),ybt 16; ICEKp12 (280-1LV),-,-
ERR3162603,231,2_6_1_3_26_1_77,18316,0_0_88_0_0_0_0_52_0_0,231,231,Col(pHAD28); Col440I; ColKP3; IncFIA; IncFIB(pQil); IncFII(K); IncFII(pAMA1167-NDM-5),unknown (KL107) (wzi104),unknown (KL107),unknown (O1/O2v1),unknown (O2a),4,iuc 5 (61-3LV),- (0),- (0),ybt 14; ICEKp5 (376),-,-
ERR4784187,469,2_1_2_1_10_1_4,18518,0_0_250_2_0_0_0_2_0_0,292,10359,IncFIB(K),KL139 (wzi493),unknown (KL139),O3b,O3b,0,- (0),- (0),- (0),- (0),-,-
ERR4784127,147,3_4_6_1_7_4_38,18556,0_0_197_0_4_0_10_24_0_0,147,147,Col(pHAD28); ColKP3; IncFIB(pKPHS1); IncFII; IncFII(pKPX1); IncN2; IncR; repB(R1701),KL64 (wzi64),K64,O1/O2v1,O2a,1,- (0),- (0),- (0),ybt 10; ICEKp4 (384),-,-
ERR3162619,23,2_1_1_1_9_4_12,20698,0_0_429_0_128_0_0_0_0_0,23,23,IncHI1B(pNDM-MAR); repB_KLEB,unknown (KL1) (-),unknown (K1),O1/O2v2,O2afg,4,iuc 1 (1),- (0),iro 1 (2),ybt 9; ICEKp3 (202),-,-
ERR4784177,231,2_6_1_3_26_1_77,18542,0_0_88_0_0_0_0_14_2_0,231,231,Col(pHAD28); Col(pHAD28); Col440I; ColKP3; IncFIA; IncFIB(pQil); IncFII(K); IncFII(pAMA1167-NDM-5),KL51 (wzi104),K51,O1/O2v2,O1,4,iuc 5 (61-3LV),- (0),- (0),ybt 14; ICEKp5 (376),-,-
ERR3162566,14,1_6_1_1_1_1_1,19500,0_0_1_1_17_0_43_0_0_0,14,14,Col(pHAD28); ColKP3; IncFIB(pNDM-Mar); IncFIB(pQil); IncFII(K); IncHI1B(pNDM-MAR),unknown (KL64) (wzi64),unknown (K64),O1/O2v1,O1,1,- (0),- (0),- (0),ybt 14; ICEKp5 (140-2LV),-,-
ERR4784863,37,2_9_2_1_13_1_16,18623,0_0_109_33_16_0_0_0_0_0,37,3693,Col(IMGS31); Col(pHAD28); Col(pHAD28); ColKP3; IncFIB(K); IncFIB(pQil); IncFII; repB(R1701),KL15 (wzi50),K15,O4,O4,0,- (0),- (0),- (0),- (0),-,-
ERR4785012,101,2_6_1_5_4_1_6,18720,0_0_84_0_8_0_72_0_0_0,101,101,Col(pHAD28); IncFIB(K); IncFIB(pQil),KL17 (wzi137),K17,O1/O2v1,O1,1,- (0),- (0),- (0),ybt 9; ICEKp3 (183-1LV),-,-
ERR4784295,231,2_6_1_3_26_1_77,18542,0_0_88_0_0_0_0_14_2_0,231,231,Col(pHAD28); Col(pHAD28); Col440I; ColKP3; IncFIA; IncFIB(pQil); IncFII(K); IncFII(pAMA1167-NDM-5),KL51 (wzi104),K51,O1/O2v2,O1,4,iuc 5 (61-3LV),- (0),- (0),ybt 14; ICEKp5 (376),-,-
ERR4784429,14,1_6_1_1_1_1_1,18908,0_0_1_1_17_0_39_0_0_0,14,14,IncFIA(pBK30683); IncFIB(K); IncFIB(pNDM-Mar); IncFII(K); IncHI1B(pNDM-MAR); IncR,KL2 (wzi2),K2,O1/O2v1,O1,1,- (0),- (0),- (0),ybt 14; ICEKp5 (140-1LV),-,-
ERR4784124,147,3_4_6_1_7_4_38,18556,0_0_197_0_4_0_10_24_0_0,147,147,Col(pHAD28); ColKP3; IncFIB(pKPHS1); IncFII; IncFII(pKPX1); IncN2; IncR; repB(R1701),KL64 (wzi64),K64,O1/O2v1,O2a,1,- (0),- (0),- (0),ybt 10; ICEKp4 (384),-,-
ERR4784162,231,2_6_1_3_26_1_77,18542,0_0_88_0_0_0_0_14_2_0,231,231,Col(pHAD28); Col(pHAD28); Col440I; ColKP3; IncFIA; IncFIB(pQil); IncFII(K); IncFII(pAMA1167-NDM-5),KL51 (wzi104),K51,O1/O2v2,O1,4,iuc 5 (61-3LV),- (0),- (0),ybt 14; ICEKp5 (376),-,-
ERR3162570,29,2_3_2_2_6_4_4,*a199,0_0_137_6_0_0_8_0_?_?,29,10208,Col440I; IncFIB(K),unknown (KL107) (wzi19),unknown (KL107),O1/O2v2,O2afg,1,- (0),- (0),- (0),ybt 14; ICEKp5 (151),-,-
ERR4920487,967,2_1_19_4_9_4_34,17809,0_0_254_0_0_0_5_0_1_0,967,967,IncFIB(K)(pCAV1099-114); IncFIB(pNDM-Mar); IncHI1B(pNDM-MAR),KL18 (wzi81),K18,O1/O2v2,O1,0,- (0),- (0),- (0),- (0),-,-
ERR4784231,231,2_6_1_3_26_1_77,18774,0_0_88_0_0_0_0_14_8_0,231,231,Col(pHAD28); Col(pHAD28); Col440I; ColKP3; IncFIA; IncFIB(pQil); IncFII(K); IncFII(pAMA1167-NDM-5),KL51 (wzi104),K51,O1/O2v2,O1,4,iuc 5 (61-3LV),- (0),- (0),ybt 14; ICEKp5 (376),-,-
ERR4784379,231,2_6_1_3_26_1_77,18969,0_0_88_0_0_0_0_14_13_0,231,231,Col440I; IncFIA; IncFIB(pQil); IncFII(K); IncFII(pAMA1167-NDM-5),KL51 (wzi104),K51,O1/O2v2,O1,4,iuc 5 (61-3LV),- (0),- (0),ybt 14; ICEKp5 (376),-,-
ERR4784340,3278,4_1_1_1_9_1_218,18659,0_0_1379_0_0_0_0_0_0_0,11427,12490,IncFIB(K)--IncFII(K),KL125 (wzi191),unknown (KL125),O5,O5,0,- (0),- (0),- (0),- (0),-,-
SRR9966444,48,2_5_2_2_7_1_10,34036,0_0_147_1_0_17_0_0_0_0,48,48,Col(pHAD28); Col(pHAD28); Col440I; ColKP3; IncFIB(K); IncFIB(pQil); IncFII(K); IncFII(K),KL62 (wzi62),K62,O1/O2v1,O1,1,- (0),- (0),- (0),ybt 14; ICEKp5 (135-4LV),-,-
ERR3162617,252,2_5_1_1_9_1_6,19613,0_0_94_2_7_0_0_0_0_0,252,10023,IncFIA(pBK30683); IncFIB(K); IncFII(K),unknown (KL107) (wzi104),unknown (KL107),unknown (O1/O2v2),unknown (O2afg),0,- (0),- (0),- (0),- (0),-,-
SRR6883066,147,3_4_6_1_7_4_38,*f294,0_0_197_0_17_0_1_?_?_?,147,147,Col(BS512); Col(pHAD28)--Col440I; IncFIA(pBK30683); IncFIB(K)(pCAV1099-114); IncFIB(pKPHS1); IncFIB(pQil); IncR,KL10 (wzi420),K10,O3/O3a,O3/O3a,1,- (0),- (0),- (0),ybt 14; ICEKp5 (354-2LV),-,-
ERR4784156,147,3_4_6_1_7_4_38,18551,0_0_197_0_4_0_10_24_1_0,147,147,Col(pHAD28); IncFIB(pKPHS1); IncFII; IncFII(pKPX1); IncN2; IncR; repB(R1701),KL64 (wzi64),K64,O1/O2v1,O2a,1,- (0),- (0),- (0),ybt 10; ICEKp4 (384),-,-
ERR4784901,231,2_6_1_3_26_1_77,18984,0_0_88_0_0_0_0_12_17_0,231,231,Col(pHAD28)--Col440I; ColKP3; IncFIA; IncFIB(pQil); IncFII(K); IncFII(pAMA1167-NDM-5),KL51 (wzi104),K51,O1/O2v2,O1,4,iuc 5 (61-3LV),- (0),- (0),ybt 14; ICEKp5 (376-1LV),-,-
ERR4784202,231,2_6_1_3_26_1_77,18542,0_0_88_0_0_0_0_14_2_0,231,231,Col(pHAD28); Col(pHAD28); Col440I; ColKP3; IncFIA; IncFIB(pQil); IncFII(K); IncFII(pAMA1167-NDM-5),KL51 (wzi104),K51,O1/O2v2,O1,4,iuc 5 (61-3LV),- (0),- (0),ybt 14; ICEKp5 (376),-,-
ERR4784182,16,2_1_2_1_4_4_4,18683,0_0_22_27_0_0_69_0_0_0,17,16,Col(pHAD28)--Col440II; ColKP3; IncFIB(K); IncFIB(pKPHS1); IncFII(K); IncFII(pKPX1); IncR; IncX3; repB(R1701),KL51 (wzi50),K51,O3b,O3b,1,- (0),- (0),- (0),ybt 9; ICEKp3 (174-1LV),-,-
ERR4784424,1322,2_5_121_8_180_1_6,18915,0_0_94_9_5_0_1_0_0_0,252,10342,Col(pHAD28); Col(pHAD28); IncFIB(K); IncFII(K); IncR,KL139 (wzi372),unknown (KL139),O1/O2v1,O1,0,- (0),- (0),- (0),- (0),-,-
ERR3162601,231,2_6_1_3_26_1_77,19467,0_0_88_0_0_0_38_0_0_0,231,231,Col440I; Col440I; ColKP3; IncFIB(AP001918); IncFIB(pQil); IncFII(K); IncFII(pAMA1167-NDM-5),unknown (KL107) (wzi104),unknown (KL107),unknown (O1/O2v1),unknown (O2a),1,- (0),- (0),- (0),ybt 14; ICEKp5 (376),-,-
ERR4784327,16,2_1_2_1_4_4_4,18802,0_0_22_27_0_2_0_5_1_0,17,16,Col(pHAD28)--Col(pHAD28)--Col440II; IncFIA(pBK30683); IncFIB(K); IncFII(K); IncX3,KL81 (wzi230),K81,OL101,unknown (OL101),1,- (0),- (0),- (0),ybt 16; ICEKp12 (277),-,-
ERR4784453,14,1_6_1_1_1_1_1,19211,0_0_1_1_17_0_3_0_2_0,14,14,ColKP3; IncFIB(K); IncFIB(pNDM-Mar); IncFII; IncFII(K); IncHI1B(pNDM-MAR),KL64 (wzi64),K64,O1/O2v1,O1,1,- (0),- (0),- (0),ybt 14; ICEKp5 (140-1LV),-,-
SRR8859426,14,1_6_1_1_1_1_1,*dd50,0_0_1_1_17_0_3_0_?_?,14,14,IncFIB(K); IncFIB(pNDM-Mar); IncFII(K); IncHI1B(pNDM-MAR); IncR; IncX3,KL2 (wzi2),K2,O1/O2v1,O1,0,- (0),- (0),- (0),- (0),-,-
ERR4784307,147,3_4_6_1_7_4_38,18509,0_0_197_0_4_0_112_0_0_0,147,147,Col(MG828); Col(pHAD28); Col440I; ColKP3; ColRNAI; IncFIB(pNDM-Mar); IncFII(K); IncHI1B(pNDM-MAR); IncR,KL64 (wzi64),K64,O1/O2v1,O2a,0,- (0),- (0),- (0),- (0),-,-
ERR3162552,231,2_6_1_3_26_1_77,*4af1,0_0_88_0_0_0_0_?_?_?,231,231,Col(pHAD28); Col440I; ColKP3; IncFIA; IncFIB(pQil); IncFII(K); IncFII(pAMA1167-NDM-5),unknown (KL51) (wzi104),unknown (K51),O1/O2v2,O1,4,iuc 5 (61-3LV),- (0),- (0),ybt 14; ICEKp5 (376),-,-
ERR4784342,101,2_6_1_5_4_1_6,18673,0_0_84_0_8_0_73_0_0_0,101,101,Col(pHAD28); IncFIB(K); IncFIB(pQil),KL17 (wzi137),K17,O1/O2v1,O1,1,- (0),- (0),- (0),ybt 9; ICEKp3 (183-1LV),-,-
ERR3162628,231,2_6_1_3_26_1_77,18316,0_0_88_0_0_0_0_52_0_0,231,231,Col(pHAD28); Col440I; ColKP3; IncFIA; IncFIB(pQil); IncFII(K); IncFII(pAMA1167-NDM-5),unknown (KL51) (wzi104),unknown (K51),O1/O2v2,O1,4,iuc 5 (61-3LV),- (0),- (0),ybt 14; ICEKp5 (376),-,-
ERR4784323,199,4_34_1_1_21_1_35,18958,0_0_46_7_0_0_2_0_0_0,76,10212,Col440I; Col440I; IncFIA(HI1); IncFIB(K)(pCAV1099-114); IncFII(K); IncHI1B(pNDM-MAR); repB(R1701),KL154 (wzi411),unknown (KL154),O1/O2v1,O2ac,0,- (0),- (0),- (0),- (0),-,-
ERR4784821,2096,1_6_1_1_1_46_1,18989,0_0_1_1_17_0_3_52_0_0,14,14,Col(pHAD28); ColKP3; ColRNAI; IncFIB(K); IncFIB(pNDM-Mar); IncFII(K); IncHI1B(pNDM-MAR),KL64 (wzi64),K64,O1/O2v1,O1,4,iuc 1 (1),- (0),- (0),ybt 14; ICEKp5 (376),-,rmpA2_8-60%
ERR3162591,14,1_6_1_1_1_1_1,*e688,0_0_1_1_17_0_3_64_?_?,14,14,ColKP3; IncFIB(K); IncFIB(pKPHS1); IncFII(K),unknown (KL107) (wzi64),unknown (KL107),unknown (O1/O2v1),unknown (O2a),1,- (0),- (0),- (0),ybt 14; ICEKp5 (140-1LV),-,-
ERR4784346,395,3_1_2_4_1_1_4,18543,0_0_106_1_0_0_0_0_4_0,395,10190,Col(pHAD28); Col(pHAD28)--Col(pHAD28); ColKP3; IncFIB(pQil); IncFII,KL64 (wzi64),K64,O1/O2v1,O1,1,- (0),- (0),- (0),ybt 16; ICEKp12 (280),-,-
SRR8859435,147,3_4_6_1_7_4_38,33604,0_0_197_0_4_1_0_31_0_0,147,147,Col(pHAD28); Col440I; IncFIB(pKPHS1); IncFIB(pNDM-Mar); IncFIB(pQil); IncR,KL64 (wzi64),K64,O1/O2v1,O2a,1,- (0),- (0),- (0),ybt 9; ICEKp3 (173-2LV),-,-
ERR4784456,231,2_6_1_3_26_1_77,18584,0_0_88_0_0_0_0_33_0_0,231,231,Col(pHAD28); IncFIA; IncFIB(pQil); IncFII(K); IncFII(pAMA1167-NDM-5); IncN,KL51 (wzi104),K51,O1/O2v2,O1,4,iuc 5 (61-3LV),- (0),- (0),ybt 14; ICEKp5 (376-1LV),-,-
ERR4784294,14,1_6_1_1_1_1_1,18678,0_0_1_1_17_0_0_4_0_0,14,14,IncFII(pHN7A8); IncR,KL2 (wzi2),K2,O1/O2v1,O1,1,- (0),- (0),- (0),ybt 14; ICEKp5 (140-1LV),-,-
ERR4784762,14,1_6_1_1_1_1_1,18625,0_0_1_1_17_0_3_0_12_0,14,14,ColKP3; IncFIB(K); IncFII(K),KL2 (wzi2),K2,O1/O2v1,O1,1,- (0),- (0),- (0),ybt 14; ICEKp5 (140-1LV),-,-
ERR4784356,395,3_1_2_4_1_1_4,19164,0_0_106_1_0_0_0_0_15_0,395,10190,Col(pHAD28); Col(pHAD28)--Col(pHAD28); ColKP3; IncFIB(pQil); IncFII,KL64 (wzi64),K64,O1/O2v1,O1,1,- (0),- (0),- (0),ybt 16; ICEKp12 (280),-,-
SRR8859442,231,2_6_1_3_26_1_77,*f258,0_0_88_0_0_0_0_36_?_?,231,231,Col440I; ColKP3; IncFIB(pQil); IncFII; IncFII(K),unknown (KL51) (wzi104),unknown (K51),O1/O2v2,O1,1,- (0),- (0),- (0),ybt 14; ICEKp5 (376),-,-
ERR4784073,231,2_6_1_3_26_1_77,19156,0_0_88_0_0_0_0_42_0_0,231,231,Col440I; Col440I; ColKP3; IncFIA; IncFIB(pQil),KL51 (wzi104),K51,O1/O2v2,O1,4,iuc 5 (61-3LV),- (0),- (0),ybt 14; ICEKp5 (376),-,-
ERR4784224,2096,1_6_1_1_1_46_1,19184,0_0_1_1_17_0_3_79_0_0,14,14,Col(pHAD28); ColKP3; IncFIB(K); IncFIB(pNDM-Mar); IncHI1B(pNDM-MAR),KL64 (wzi64),K64,O1/O2v1,O1,4,iuc 1 (1),- (0),- (0),ybt 14; ICEKp5 (140-1LV),-,rmpA2_8-60%
ERR4784286,2096,1_6_1_1_1_46_1,14555,0_0_1_1_17_0_3_0_1_0,14,14,Col(pHAD28); ColKP3; ColRNAI; IncFIB(K),KL64 (wzi64),K64,O1/O2v1,O1,1,- (0),- (0),- (0),ybt 14; ICEKp5 (140-2LV),-,-
ERR4784927,231,2_6_1_3_26_1_77,18885,0_0_88_0_0_0_0_14_17_0,231,231,Col(pHAD28); Col(pHAD28); ColKP3; IncFIA; IncFIB(pQil); IncFII(K); IncFII(pAMA1167-NDM-5),KL51 (wzi104),K51,O1/O2v2,O1,4,iuc 5 (61-3LV),- (0),- (0),ybt 14; ICEKp5 (376-1LV),-,-
ERR4784321,147,3_4_6_1_7_4_38,18701,0_0_197_0_17_0_5_0_7_0,147,147,Col(MG828); Col(pHAD28); ColKP3; IncFIA(pBK30683); IncFII; IncR,KL10 (wzi420),K10,O3/O3a,O3/O3a,0,- (0),- (0),- (0),- (0),-,-
ERR4784329,147,3_4_6_1_7_4_38,18564,0_0_197_0_4_0_10_29_0_0,147,147,Col(pHAD28); ColKP3; IncFII(pKPX1); IncR; repB(R1701),KL64 (wzi64),K64,O1/O2v1,O2a,1,- (0),- (0),- (0),ybt 10; ICEKp4 (384-1LV),-,-
ERR3162565,45,2_1_1_6_7_1_12,*5981,0_0_158_8_6_?_?_?_?_?,45,45,IncFIB(K); IncFIB(pKPHS1); IncFII(K),unknown (KL62) (wzi149),unknown (K62),O1/O2v1,O2a,1,- (0),- (0),- (0),ybt 10; ICEKp4 (78),-,-
ERR4784816,469,2_1_2_1_10_1_4,18518,0_0_250_2_0_0_0_2_0_0,292,10359,IncFIB(K),KL139 (wzi493),unknown (KL139),O3b,O3b,0,- (0),- (0),- (0),- (0),-,-
ERR4635747,147,3_4_6_1_7_4_38,18585,0_0_197_0_4_0_10_30_0_0,147,147,Col(BS512)--Col(BS512); Col(pHAD28); IncFIB(pNDM-Mar); IncFII(pKPX1); IncHI1B(pNDM-MAR); IncR; repB(R1701),KL64 (wzi64),K64,O1/O2v1,O2a,1,- (0),- (0),- (0),ybt 10; ICEKp4 (384),-,-
ERR3162622,268,2_1_2_1_7_1_81,*667d,0_0_29_9_43_?_?_?_?_?,268,268,IncFIB(pKPHS1); IncHI1B(pNDM-MAR)--repB_KLEB,unknown (KL20) (wzi95),unknown (K20),O1/O2v1,O2a,5,iuc 1 (1),clb 3 (73),iro 1 (1),ybt 20; ICEKp10 (432),-,rmpA2_8*
ERR4784725,395,3_1_2_4_1_1_4,11197,0_0_106_1_0_0_0_0_1_0,395,10190,Col(pHAD28); Col(pHAD28); ColKP3; IncFIB(pQil),KL64 (wzi64),K64,O1/O2v1,O1,1,- (0),- (0),- (0),ybt 16; ICEKp12 (280),-,-
ERR4784123,147,3_4_6_1_7_4_38,18630,0_0_197_0_4_0_10_24_2_0,147,147,Col(pHAD28); ColKP3; IncFIB(pKPHS1); IncFII; IncFII(pKPX1); IncN2; IncR; repB(R1701),KL64 (wzi64),K64,O1/O2v1,O2a,1,- (0),- (0),- (0),ybt 10; ICEKp4 (384),-,-
ERR4784445,147,3_4_6_1_7_4_38,18853,0_0_197_0_17_0_5_12_0_0,147,147,Col(MG828); Col(pHAD28); IncFII; IncFII(K)--repB(R1701); IncR,KL10 (wzi420),K10,O3/O3a,O3/O3a,0,- (0),- (0),- (0),- (0),-,-
ERR3162608,432,4_1_1_2_7_4_4,20837,0_0_228_5_8_0_0_0_0_0,432,10504,,unknown (KL57) (wzi206),unknown (K57),O3b,O3b,0,- (0),- (0),- (0),- (0),-,-
ERR4784983,14,1_6_1_1_1_1_1,18823,0_0_1_1_17_0_8_1_0_0,14,14,ColKP3; ColRNAI; IncFIA(pBK30683); IncFIB(K); IncFIB(pKPHS1); IncFII; IncFII(K); IncR,KL2 (wzi2),K2,O1/O2v1,O1,1,- (0),- (0),- (0),ybt 14; ICEKp5 (140-2LV),-,-
ERR4784904,1248,2_1_1_1_1_1_12,18561,0_0_361_3_1_0_0_0_0_0,3629,12549,IncFIB(K); IncFIB(pKPHS1); IncFIB(pQil); IncFII(K),KL27 (wzi27),K27,O1/O2v2,O2afg,1,- (0),- (0),- (0),ybt 0; ICEKp5 (522-1LV),-,-
ERR4785049,11,3_3_1_1_1_1_4,18707,0_0_105_11_0_0_45_2_0_0,258,3666,ColKP3; IncFIB(pNDM-Mar); IncFIB(pQil); IncFII(K); IncHI1B(pNDM-MAR); IncR,KL24 (wzi24),K24,O1/O2v1,O2a,1,- (0),- (0),- (0),ybt 16; ICEKp12 (280),-,-
ERR3162569,995,2_6_1_1_1_1_1,20119,0_0_1_5_1_0_0_0_0_0,14,11158,Col(pHAD28); IncFIA(pBK30683); IncFIB(K),KL117 (wzi215),unknown (KL117),O1/O2v1,O1,0,- (0),- (0),- (0),- (0),-,-
ERR4784757,231,2_6_1_3_26_1_77,19026,0_0_88_0_0_0_0_22_0_0,231,231,Col(BS512); Col(MG828); Col440I; Col440I; ColKP3; IncFIA; IncFIB(K); IncFIB(pQil); IncFII(K); IncFII(pAMA1167-NDM-5); IncR; IncX4,KL51 (wzi104),K51,O1/O2v2,O1,4,iuc 5 (61-3LV),- (0),- (0),ybt 14; ICEKp5 (376),-,-
ERR4920489,15,1_1_1_1_1_1_1,*2915,0_0_0_0_2_30_0_?_?_?,15,15,Col440I; Col440I; ColpVC--ColpVC; IncFIB(K); IncFIB(pB171); IncFIB(pKPHS1); IncFII(K); IncFII(Yp),KL112 (wzi93),unknown (KL112),O1/O2v1,O1,0,- (0),- (0),- (0),- (0),-,-
ERR4784090,231,2_6_1_3_26_1_77,18542,0_0_88_0_0_0_0_14_2_0,231,231,Col(pHAD28); Col(pHAD28); Col440I; ColKP3; IncFIA; IncFIB(pQil); IncFII(K); IncFII(pAMA1167-NDM-5),KL51 (wzi104),K51,O1/O2v2,O1,4,iuc 5 (61-3LV),- (0),- (0),ybt 14; ICEKp5 (376),-,-
ERR4784265,2497,3_1_2_4_1_46_4,11197,0_0_106_1_0_0_0_0_1_0,395,10190,Col(pHAD28); Col(pHAD28)--Col(pHAD28); ColKP3; IncFIA(pBK30683); IncFIB(pQil); IncFII; IncFII(K); IncR,KL64 (wzi64),K64,O1/O2v1,O1,1,- (0),- (0),- (0),ybt 16; ICEKp12 (280-1LV),-,-
ERR3162561,231,2_6_1_3_26_1_77,1235,0_0_88_0_0_0_0_0_2_0,231,231,Col(pHAD28); Col440I; Col440I; ColKP3; IncFIA; IncFIB(pQil); IncFII(K); IncFII(pAMA1167-NDM-5),unknown (KL51) (wzi104),unknown (K51),unknown (O1/O2v2),unknown (O1),4,iuc unknown (0),- (0),- (0),ybt 14; ICEKp5 (376),-,-
ERR3162614,231,2_6_1_3_26_1_77,*3285,0_0_88_0_0_0_0_?_?_?,231,231,Col(pHAD28); ColRNAI; IncFIA; IncFIB(pQil); IncFII(K); IncFII(pAMA1167-NDM-5),unknown (KL51) (wzi104),unknown (K51),O1/O2v2,O1,4,iuc 5 (61-3LV),- (0),- (0),ybt 14; ICEKp5 (376),-,-
ERR4784449,469,2_1_2_1_10_1_4,18518,0_0_250_2_0_0_0_2_0_0,292,10359,IncFIB(K),KL139 (wzi493),unknown (KL139),O3b,O3b,0,- (0),- (0),- (0),- (0),-,-
ERR4784111,231,2_6_1_3_26_1_77,18542,0_0_88_0_0_0_0_14_2_0,231,231,Col(pHAD28); Col(pHAD28); Col440I; ColKP3; IncFIA; IncFIB(pQil); IncFII(K); IncFII(pAMA1167-NDM-5),KL51 (wzi104),K51,O1/O2v2,O1,4,iuc 5 (61-3LV),- (0),- (0),ybt 14; ICEKp5 (376),-,-
ERR4784460,231,2_6_1_3_26_1_77,18552,0_0_88_0_0_0_0_53_0_0,231,231,Col(pHAD28); Col(pHAD28); IncFIA; IncFIB(pQil); IncFII(K); IncFII(pAMA1167-NDM-5),KL51 (wzi104),K51,O1/O2v2,O1,4,iuc 5 (61-3LV),- (0),- (0),ybt 14; ICEKp5 (376),-,-
ERR4784105,14,1_6_1_1_1_1_1,18628,0_0_1_1_17_0_3_46_0_0,14,14,Col(BS512); Col(pHAD28); ColKP3; IncFIA(pBK30683); IncFIB(K); IncFIB(pNDM-Mar); IncFII(K); IncHI1B(pNDM-MAR); IncR,KL2 (wzi2),K2,O1/O2v1,O1,1,- (0),- (0),- (0),ybt 14; ICEKp5 (140),-,-
ERR4784408,437,3_3_1_1_1_1_31,18757,0_0_105_1_1_1_0_35_1_0,258,10268,Col(IMGS31); Col(pHAD28)--Col(pHAD28); ColKP3; IncFIB(pQil); IncFII,KL36 (wzi109),K36,O4,O4,1,- (0),- (0),- (0),ybt 9; ICEKp3 (179-2LV),-,-
ERR4784769,395,3_1_2_4_1_1_4,19097,0_0_106_1_0_0_0_0_5_0,395,10190,Col(pHAD28); ColKP3; IncFIB(pQil); IncFII,KL64 (wzi64),K64,O1/O2v1,O1,1,- (0),- (0),- (0),ybt 16; ICEKp12 (280),-,-
ERR4784916,231,2_6_1_3_26_1_77,1235,0_0_88_0_0_0_0_0_2_0,231,231,Col(pHAD28); Col440I; ColKP3; IncFIA; IncFIB(pQil); IncFII(K); IncFII(pAMA1167-NDM-5),KL51 (wzi104),K51,O1/O2v2,O1,4,iuc 5 (truncated) (61-3LV),- (0),- (0),ybt 14; ICEKp5 (152-2LV),-,-
ERR4785063,5603,2_1_1_8_10_4_202,11670,0_0_810_0_0_0_0_0_0_0,10693,11312,IncFIB(K); IncFIB(pQil); IncFII(K); IncFII(K)--IncR,KL186 (wzi552),unknown (KL186),O1/O2v1,O1,0,- (0),- (0),- (0),- (0),-,-
ERR4784244,147,3_4_6_1_7_4_38,18556,0_0_197_0_4_0_10_24_0_0,147,147,Col(pHAD28); ColKP3; IncFIB(pKPHS1); IncFII; IncFII(pKPX1); IncN2; IncR; repB(R1701),KL64 (wzi64),K64,O1/O2v1,O2a,1,- (0),- (0),- (0),ybt 10; ICEKp4 (384),-,-
ERR4784832,231,2_6_1_3_26_1_77,18591,0_0_88_0_0_0_0_14_1_0,231,231,Col(pHAD28); Col(pHAD28); ColKP3; IncFIA; IncFIB(pQil); IncFII(K); IncFII(pAMA1167-NDM-5),KL51 (wzi104),K51,O1/O2v2,O1,4,iuc 5 (61-3LV),- (0),- (0),ybt 14; ICEKp5 (376),-,-
ERR4784203,147,3_4_6_1_7_4_38,18556,0_0_197_0_4_0_10_24_0_0,147,147,Col(pHAD28); ColKP3; IncFIB(pKPHS1); IncFII; IncFII(pKPX1); IncN2; IncR; repB(R1701),KL64 (wzi64),K64,O1/O2v1,O2a,1,- (0),- (0),- (0),ybt 10; ICEKp4 (384),-,-
ERR4784308,147,3_4_6_1_7_4_38,18848,0_0_197_0_4_0_71_0_0_0,147,147,Col(pHAD28); Col(pHAD28); Col440I; IncFIB(K); IncFIB(pNDM-Mar); IncFII(K); IncHI1B(pNDM-MAR); IncR,KL64 (wzi64),K64,O1/O2v1,O2a,0,- (0),- (0),- (0),- (0),-,-
ERR4784380,437,3_3_1_1_1_1_31,18757,0_0_105_1_1_1_0_35_1_0,258,10268,Col(IMGS31); Col(pHAD28)--Col(pHAD28); ColKP3; IncFIB(pQil); IncFII,KL36 (wzi109),K36,O4,O4,1,- (0),- (0),- (0),ybt 9; ICEKp3 (179-2LV),-,-
ERR4784148,231,2_6_1_3_26_1_77,18542,0_0_88_0_0_0_0_14_2_0,231,231,Col(pHAD28); Col(pHAD28); Col440I; ColKP3; IncFIA; IncFIB(pQil); IncFII(K); IncFII(pAMA1167-NDM-5),KL51 (wzi104),K51,O1/O2v2,O1,4,iuc 5 (61-3LV),- (0),- (0),ybt 14; ICEKp5 (376),-,-
ERR4635728,147,3_4_6_1_7_4_38,18692,0_0_197_0_4_1_0_58_0_0,147,147,Col(pHAD28); IncFIB(pNDM-Mar)--IncHI1B(pNDM-MAR); IncFIB(pQil); IncR,KL64 (wzi64),K64,O1/O2v1,O2a,1,- (0),- (0),- (0),ybt 9; ICEKp3 (173-2LV),-,-
ERR3162555,15,1_1_1_1_1_1_1,*89e6,0_0_0_0_2_?_?_?_?_?,15,15,Col(pHAD28)--Col440I; IncFIB(pKPHS1); IncFIB(pNDM-Mar); IncHI1B(pNDM-MAR),unknown (KL112) (wzi93),unknown (KL112),O1/O2v1,O1,1,- (0),- (0),- (0),ybt 16; ICEKp12 (277),-,-
ERR4785022,38,2_1_2_1_2_2_2,18718,0_0_184_0_3_0_0_1_0_0,38,38,Col(MG828); Col(pHAD28)--Col440I; Col440II; ColKP3; IncFIB(K); IncFII(K); IncN,unknown (KL52) (wzi50),unknown (K52),OL101,unknown (OL101),1,- (0),- (0),- (0),ybt 14; ICEKp5 (354-4LV),-,-
ERR4784101,14,1_6_1_1_1_1_1,18771,0_0_1_1_17_0_3_46_1_0,14,14,Col(BS512); ColKP3; IncFIA(pBK30683); IncFIB(K); IncFIB(pNDM-Mar); IncFII(K); IncHI1B(pNDM-MAR); IncR,KL2 (wzi2),K2,O1/O2v1,O1,1,- (0),- (0),- (0),ybt 14; ICEKp5 (140),-,-
ERR4785092,231,2_6_1_3_26_1_77,18670,0_0_88_0_0_0_0_63_0_0,231,231,Col(pHAD28); Col(pHAD28); ColKP3; IncFIA; IncFIB(pQil); IncFII(K); IncFII(pAMA1167-NDM-5),KL51 (wzi104),K51,O1/O2v2,O1,4,iuc 5 (61-3LV),- (0),- (0),ybt 14; ICEKp5 (376-1LV),-,-
ERR4784140,147,3_4_6_1_7_4_38,18551,0_0_197_0_4_0_10_24_1_0,147,147,Col(pHAD28); IncFIB(pKPHS1); IncFII; IncFII(pKPX1); IncN2; IncR; repB(R1701),KL64 (wzi64),K64,O1/O2v1,O2a,1,- (0),- (0),- (0),ybt 10; ICEKp4 (384),-,-
ERR4784336,147,3_4_6_1_7_4_38,19034,0_0_197_0_17_0_5_6_0_0,147,147,Col(pHAD28); ColKP3; IncFIA(pBK30683); IncFII; IncR,KL10 (wzi420),K10,O3/O3a,O3/O3a,0,- (0),- (0),- (0),- (0),-,-
ERR4784132,147,3_4_6_1_7_4_38,18556,0_0_197_0_4_0_10_24_0_0,147,147,Col(pHAD28); ColKP3; IncFIB(pKPHS1); IncFII; IncFII(pKPX1); IncN2; IncR; repB(R1701),KL64 (wzi64),K64,O1/O2v1,O2a,1,- (0),- (0),- (0),ybt 10; ICEKp4 (384),-,-
ERR4784078,147,3_4_6_1_7_4_38,18551,0_0_197_0_4_0_10_24_1_0,147,147,Col(pHAD28); ColKP3; IncFIB(pKPHS1); IncFII; IncFII(pKPX1); IncN2; IncR; repB(R1701),KL64 (wzi64),K64,O1/O2v1,O2a,1,- (0),- (0),- (0),ybt 10; ICEKp4 (384),-,-
ERR4635734,cea73010ed10e14acd3b18700b81810d25a1bb47,4_1_2_52_1_1_?,18772,0_0_369_0_0_0_0_182_0_0,307,307,IncFIB(K); IncFIB(pNDM-Mar); IncFII(K); IncHI1B(pNDM-MAR); IncHI2--IncHI2A,KL102 (wzi173),unknown (KL102),O1/O2v2,O2afg,0,- (0),- (0),- (0),- (0),-,-
ERR4784330,231,2_6_1_3_26_1_77,19071,0_0_88_0_0_0_0_14_16_0,231,231,Col(pHAD28); Col(pHAD28); ColKP3; IncFIA; IncFIB(pQil); IncFII(K); IncFII(pAMA1167-NDM-5),KL51 (wzi104),K51,O1/O2v2,O1,4,iuc 5 (61-3LV),- (0),- (0),ybt 14; ICEKp5 (376),-,-
ERR4784986,14,1_6_1_1_1_1_1,18908,0_0_1_1_17_0_39_0_0_0,14,14,IncFIA(pBK30683); IncFIB(K); IncFIB(pNDM-Mar); IncFII(K); IncHI1B(pNDM-MAR); IncR,KL2 (wzi2),K2,O1/O2v1,O1,1,- (0),- (0),- (0),ybt 14; ICEKp5 (140-1LV),-,-
ERR4784240,231,2_6_1_3_26_1_77,18542,0_0_88_0_0_0_0_14_2_0,231,231,Col(pHAD28); Col(pHAD28); Col440I; ColKP3; IncFIA; IncFIB(pQil); IncFII(K); IncFII(pAMA1167-NDM-5),KL51 (wzi104),K51,O1/O2v2,O1,4,iuc 5 (61-3LV),- (0),- (0),ybt 14; ICEKp5 (376),-,-
ERR4784166,147,3_4_6_1_7_4_38,18556,0_0_197_0_4_0_10_24_0_0,147,147,Col(pHAD28); ColKP3; IncFII; IncFII(pKPX1); IncN2; IncR; repB(R1701),KL64 (wzi64),K64,O1/O2v1,O2a,1,- (0),- (0),- (0),ybt 10; ICEKp4 (384),-,-
ERR4785031,231,2_6_1_3_26_1_77,19026,0_0_88_0_0_0_0_22_0_0,231,231,Col(BS512); Col(MG828); Col440I; Col440I; ColKP3; IncFIA; IncFIB(pQil); IncFII(K); IncFII(pAMA1167-NDM-5); IncR; IncX4,KL51 (wzi104),K51,O1/O2v2,O1,4,iuc 5 (61-3LV),- (0),- (0),ybt 14; ICEKp5 (376),-,-
ERR3162592,231,2_6_1_3_26_1_77,19567,0_0_88_0_0_0_0_0_2_0,231,231,Col(pHAD28); Col440I; ColKP3; IncFIA; IncFIB(pQil); IncFII(K); IncFII(pAMA1167-NDM-5),unknown (KL107) (wzi104),unknown (KL107),unknown (O1/O2v1),unknown (O2a),4,iuc unknown (0),- (0),- (0),ybt 14; ICEKp5 (376),-,-
ERR4784396,3049,2_1_2_1_325_1_68,18980,0_0_249_11_1_0_0_0_0_0,200,10750,IncFIB(pNDM-Mar); IncHI1B(pNDM-MAR),KL55 (wzi56),K55,O3/O3a,O3/O3a,0,- (0),- (0),- (0),- (0),-,-
SRR8859440,2096,1_6_1_1_1_46_1,33572,0_0_1_1_17_0_3_0_38_0,14,14,Col(pHAD28); ColKP3; ColRNAI; IncFIB(K); IncFIB(pNDM-Mar); IncHI1B(pNDM-MAR),KL64 (wzi64),K64,O1/O2v1,O1,4,iuc 1 (1),- (0),- (0),ybt 14; ICEKp5 (140-1LV),-,rmpA2_8-60%
ERR3162553,86,9_4_2_1_1_1_27,*8496,0_0_395_0_11_?_?_?_?_?,86,86,Col(pHAD28); IncHI1B(pNDM-MAR); repB_KLEB,unknown (KL2) (wzi2),unknown (K2),O1/O2v1,O2a,4,iuc 1 (1),- (0),iro 1 (1-1LV),ybt 9; ICEKp3 (202),-,-
ERR4784441,147,3_4_6_1_7_4_38,18853,0_0_197_0_17_0_5_12_0_0,147,147,Col(MG828); Col(pHAD28); IncFII; IncFII(K)--repB(R1701); IncR,KL10 (wzi420),K10,O3/O3a,O3/O3a,0,- (0),- (0),- (0),- (0),-,-
ERR4784120,231,2_6_1_3_26_1_77,18736,0_0_88_0_0_0_0_14_7_0,231,231,Col(pHAD28); Col(pHAD28); Col440I; ColKP3; IncFIA; IncFIB(pQil); IncFII(K); IncFII(pAMA1167-NDM-5),KL51 (wzi104),K51,O1/O2v2,O1,4,iuc 5 (61-3LV),- (0),- (0),ybt 14; ICEKp5 (376),-,-
ERR4784257,437,3_3_1_1_1_1_31,18757,0_0_105_1_1_1_0_35_1_0,258,10268,Col(IMGS31); Col(pHAD28)--Col(pHAD28); ColKP3; IncFIB(pQil); IncFII,KL36 (wzi109),K36,O4,O4,1,- (0),- (0),- (0),ybt 9; ICEKp3 (179-2LV),-,-
ERR4784180,231,2_6_1_3_26_1_77,18818,0_0_88_0_0_0_0_65_0_0,231,231,Col440I; Col440I; ColKP3; IncFIA; IncFIB(pQil); IncFII(K); IncFII(pAMA1167-NDM-5),KL51 (wzi104),K51,O1/O2v2,O1,4,iuc 5 (61-3LV),- (0),- (0),ybt 14; ICEKp5 (376),-,-
ERR3162636,15,1_1_1_1_1_1_1,*93f1,0_0_0_0_2_0_0_31_?_?,15,15,Col440I; IncFII(pHN7A8),unknown (KL24) (wzi24),unknown (K24),O1/O2v1,O1,1,- (0),- (0),- (0),ybt 10; ICEKp4 (truncated) (28-1LV),-,-
ERR4784775,2096,1_6_1_1_1_46_1,18739,0_0_1_1_17_0_3_52_1_0,14,14,Col(pHAD28); ColRNAI; IncFIB(K); IncFIB(pNDM-Mar); IncFII(K); IncHI1B(pNDM-MAR),KL64 (wzi64),K64,O1/O2v1,O1,4,iuc 1 (1),- (0),- (0),ybt 14; ICEKp5 (376),-,rmpA2_8-60%
ERR4785045,147,3_4_6_1_7_4_38,665,0_0_197_0_4_0_10_0_0_0,147,147,Col(pHAD28); ColKP3; IncR; repB(R1701),KL64 (wzi64),K64,O1/O2v1,O2a,1,- (0),- (0),- (0),ybt 10; ICEKp4 (384),-,-
ERR4785020,469,2_1_2_1_10_1_4,18518,0_0_250_2_0_0_0_2_0_0,292,10359,IncFIB(K),KL139 (wzi493),unknown (KL139),O3b,O3b,0,- (0),- (0),- (0),- (0),-,-
ERR3162567,273,3_4_6_1_7_4_4,20924,0_0_197_0_72_0_1_0_0_0,147,147,Col(pHAD28); Col440I; IncFIB(K); IncFII(K); IncI1-I(Alpha),unknown (KL141) (wzi173),unknown (KL141),O4,O4,0,- (0),- (0),- (0),- (0),-,-
ERR4784779,2096,1_6_1_1_1_46_1,18739,0_0_1_1_17_0_3_52_1_0,14,14,Col(pHAD28); ColKP3; ColRNAI; IncFIB(K); IncFIB(pNDM-Mar); IncFII; IncFII(K); IncHI1B(pNDM-MAR),KL64 (wzi64),K64,O1/O2v1,O1,4,iuc 1 (1),- (0),- (0),ybt 14; ICEKp5 (376),-,rmpA2_8-60%
ERR4784255,147,3_4_6_1_7_4_38,18556,0_0_197_0_4_0_10_24_0_0,147,147,Col(pHAD28); ColKP3; IncFIB(pKPHS1); IncFII; IncFII(pKPX1); IncN2; IncR; repB(R1701),KL64 (wzi64),K64,O1/O2v1,O2a,1,- (0),- (0),- (0),ybt 10; ICEKp4 (384),-,-
ERR4785037,1248,2_1_1_1_1_1_12,18561,0_0_361_3_1_0_0_0_0_0,3629,12549,IncFIB(K); IncFIB(pKPHS1); IncFIB(pQil); IncFII(K),KL27 (wzi27),K27,O1/O2v2,O2afg,1,- (0),- (0),- (0),ybt 0; ICEKp5 (522-1LV),-,-
ERR4785078,231,2_6_1_3_26_1_77,18990,0_0_88_0_0_0_0_14_4_0,231,231,Col(pHAD28); Col(pHAD28); ColKP3; IncFIA; IncFIB(pQil); IncFII(K); IncFII(pAMA1167-NDM-5),KL51 (wzi104),K51,O1/O2v2,O1,4,iuc 5 (61-3LV),- (0),- (0),ybt 14; ICEKp5 (376),-,-
ERR4784942,2096,1_6_1_1_1_46_1,18750,0_0_1_1_17_0_3_29_0_0,14,14,Col(pHAD28); ColKP3; ColRNAI; IncFIB(K); IncFIB(pNDM-Mar); IncFII(K); IncHI1B(pNDM-MAR),KL64 (wzi64),K64,O1/O2v1,O1,4,iuc 1 (1),- (0),- (0),ybt 14; ICEKp5 (140-1LV),-,rmpA2_8-60%
ERR4784738,147,3_4_6_1_7_4_38,18630,0_0_197_0_4_0_10_24_2_0,147,147,Col(pHAD28); ColKP3; IncFIB(pKPHS1); IncFII; IncFII(pKPX1); IncN2; IncR; repB(R1701),KL64 (wzi64),K64,O1/O2v1,O2a,1,- (0),- (0),- (0),ybt 10; ICEKp4 (384),-,-
ERR4784192,469,2_1_2_1_10_1_4,18518,0_0_250_2_0_0_0_2_0_0,292,10359,IncFIB(K),KL139 (wzi493),unknown (KL139),O3b,O3b,0,- (0),- (0),- (0),- (0),-,-
ERR4784152,231,2_6_1_3_26_1_77,18542,0_0_88_0_0_0_0_14_2_0,231,231,Col(pHAD28); Col(pHAD28); Col440I; ColKP3; IncFIA; IncFIB(pQil); IncFII(K); IncFII(pAMA1167-NDM-5),KL51 (wzi104),K51,O1/O2v2,O1,4,iuc 5 (61-3LV),- (0),- (0),ybt 14; ICEKp5 (376),-,-
ERR3162582,441,4_1_2_1_1_7_23,*09eb,0_0_52_5_7_0_0_?_?_?,2004,10423,IncFIB(K); IncFII(K),unknown (KL62) (wzi149),unknown (K62),O1/O2v1,O2a,0,- (0),- (0),- (0),- (0),-,-
ERR4784170,2096,1_6_1_1_1_46_1,18739,0_0_1_1_17_0_3_52_1_0,14,14,Col(pHAD28); ColKP3; ColRNAI; IncFIB(K); IncFIB(pNDM-Mar); IncFII(K); IncHI1B(pNDM-MAR),KL64 (wzi64),K64,O1/O2v1,O1,4,iuc 1 (1-1LV),- (0),- (0),ybt 14; ICEKp5 (376),-,rmpA2_8-60%
ERR4784119,231,2_6_1_3_26_1_77,18542,0_0_88_0_0_0_0_14_2_0,231,231,Col(pHAD28); Col(pHAD28); Col440I; ColKP3; IncFIA; IncFIB(pQil); IncFII(K); IncFII(pAMA1167-NDM-5),KL51 (wzi104),K51,O1/O2v2,O1,4,iuc 5 (61-3LV),- (0),- (0),ybt 14; ICEKp5 (376),-,-
SRR8859430,14,1_6_1_1_1_1_1,*c2f3,0_0_1_1_17_0_22_0_?_?,14,14,IncFIB(K); IncFIB(pNDM-Mar); IncFII(K); IncHI1B(pNDM-MAR); IncR; IncX3,KL2 (wzi2),K2,O1/O2v1,O1,0,- (0),- (0),- (0),- (0),-,-
ERR4784749,38,2_1_2_1_2_2_2,18624,0_0_184_0_3_0_0_0_1_0,38,38,Col(MG828); Col(pHAD28)--Col440I; Col440II; ColKP3; IncFIB(K); IncFIB(pQil); IncFII(K); IncFII(K),KL52 (wzi50),K52,OL101,unknown (OL101),1,- (0),- (0),- (0),ybt 14; ICEKp5 (354-3LV),-,-
SRR8859441,14,1_6_1_1_1_1_1,31985,0_0_1_1_17_0_3_47_0_0,14,14,IncFIB(K); IncFIB(pNDM-Mar); IncFII(K); IncFII(pSE11); IncHI1B(pNDM-MAR),KL2 (wzi2),K2,O1/O2v1,O1,0,- (0),- (0),- (0),- (0),-,-
ERR4784098,147,3_4_6_1_7_4_38,18556,0_0_197_0_4_0_10_24_0_0,147,147,Col(pHAD28); ColKP3; IncFIB(pKPHS1); IncFII; IncFII(pKPX1); IncN2; IncR; repB(R1701),KL64 (wzi64),K64,O1/O2v1,O2a,1,- (0),- (0),- (0),ybt 10; ICEKp4 (384),-,-
ERR4784875,16,2_1_2_1_4_4_4,19073,0_0_22_27_0_0_9_16_0_0,17,16,Col(pHAD28); ColKP3; ColRNAI; IncFIB(pKPHS1); IncFII(K); IncFII(pKPX1); IncR; IncX3; repB(R1701),KL51 (wzi50),K51,O3b,O3b,1,- (0),- (0),- (0),ybt 9; ICEKp3 (174-1LV),-,-
ERR4784252,231,2_6_1_3_26_1_77,18786,0_0_88_0_0_0_0_14_2_0,231,231,Col(pHAD28); Col(pHAD28); Col440I; ColKP3; IncFIA; IncFIB(pQil); IncFII(K); IncFII(pAMA1167-NDM-5),KL51 (wzi104),K51,O1/O2v2,O1,4,iuc 5 (61-3LV),- (0),- (0),ybt 14; ICEKp5 (376),-,-
ERR4784076,14,1_6_1_1_1_1_1,18566,0_0_1_1_17_0_3_41_0_0,14,14,Col(pHAD28); ColKP3; IncFIB(K); IncFIB(pNDM-Mar); IncHI1B(pNDM-MAR),KL64 (wzi64),K64,O1/O2v1,O1,4,iuc 1 (1),- (0),- (0),ybt 14; ICEKp5 (140-1LV),-,rmpA2_8-60%
ERR4784420,231,2_6_1_3_26_1_77,18552,0_0_88_0_0_0_0_53_0_0,231,231,Col(pHAD28); Col(pHAD28); IncFIA; IncFIB(pQil); IncFII(K); IncFII(pAMA1167-NDM-5),KL51 (wzi104),K51,O1/O2v2,O1,4,iuc 5 (61-3LV),- (0),- (0),ybt 14; ICEKp5 (376),-,-
ERR4784750,231,2_6_1_3_26_1_77,18542,0_0_88_0_0_0_0_14_2_0,231,231,Col(pHAD28); Col(pHAD28); Col440I; ColKP3; IncFIA; IncFIB(pQil); IncFII(K); IncFII(pAMA1167-NDM-5),KL51 (wzi104),K51,O1/O2v2,O1,4,iuc 5 (61-3LV),- (0),- (0),ybt 14; ICEKp5 (376),-,-
ERR4784734,147,3_4_6_1_7_4_38,18556,0_0_197_0_4_0_10_24_0_0,147,147,Col(pHAD28); ColKP3; IncFIB(pKPHS1); IncFII; IncFII(pKPX1); IncN2; IncR; repB(R1701),KL64 (wzi64),K64,O1/O2v1,O2a,1,- (0),- (0),- (0),ybt 10; ICEKp4 (384),-,-
ERR4784270,395,3_1_2_4_1_1_4,18833,0_0_106_1_0_0_0_0_14_0,395,10190,Col(pHAD28); Col(pHAD28)--Col(pHAD28); ColKP3; IncFIB(pQil),KL64 (wzi64),K64,O1/O2v1,O1,1,- (0),- (0),- (0),ybt 16; ICEKp12 (280-1LV),-,-
ERR4784239,231,2_6_1_3_26_1_77,18542,0_0_88_0_0_0_0_14_2_0,231,231,Col(pHAD28); Col(pHAD28); Col440I; ColKP3; IncFIA; IncFIB(pQil); IncFII(K); IncFII(pAMA1167-NDM-5),KL51 (wzi104),K51,O1/O2v2,O1,4,iuc 5 (61-3LV),- (0),- (0),ybt 14; ICEKp5 (376),-,-
ERR4784157,147,3_4_6_1_7_4_38,18551,0_0_197_0_4_0_10_24_1_0,147,147,Col(pHAD28); ColKP3; IncFIB(pKPHS1); IncFII; IncFII(pKPX1); IncN2; IncR; repB(R1701),KL64 (wzi64),K64,O1/O2v1,O2a,1,- (0),- (0),- (0),ybt 10; ICEKp4 (384),-,-
ERR3162558,985,10_3_2_2_6_4_4,20454,0_0_137_9_3_0_0_3_2_0,29,985,IncFIB(K)--IncFII(K),unknown (KL39) (wzi39),unknown (K39),O1/O2v2,O1,1,- (0),- (0),- (0),ybt 16; ICEKp12 (277),-,-
ERR4784228,231,2_6_1_3_26_1_77,18542,0_0_88_0_0_0_0_14_2_0,231,231,Col(pHAD28); Col(pHAD28); Col440I; ColKP3; IncFIA; IncFIB(pQil); IncFII(K); IncFII(pAMA1167-NDM-5),KL51 (wzi104),K51,O1/O2v2,O1,4,iuc 5 (61-3LV),- (0),- (0),ybt 14; ICEKp5 (376),-,-
SRR8859432,147,3_4_6_1_7_4_38,31816,0_0_197_0_17_0_5_9_0_0,147,147,Col(pHAD28); IncFIA(pBK30683); IncFII; IncHI1B(pNDM-MAR); IncR,KL10 (wzi420),K10,O3/O3a,O3/O3a,0,- (0),- (0),- (0),- (0),-,-
ERR4784395,4843,3_4_6_1_7_273_38,18658,0_0_197_0_4_1_0_0_0_0,147,147,Col(pHAD28); ColRNAI; IncFIB(pKPHS1); IncFIB(pQil); IncR,KL64 (wzi64),K64,O1/O2v1,O2a,1,- (0),- (0),- (0),ybt 9; ICEKp3 (173-2LV),-,-
ERR4784458,14,1_6_1_1_1_1_1,18823,0_0_1_1_17_0_8_1_0_0,14,14,ColKP3; ColRNAI; IncFIA(pBK30683); IncFIB(K); IncFIB(pKPHS1); IncFII; IncFII(K); IncR,KL2 (wzi2),K2,O1/O2v1,O1,1,- (0),- (0),- (0),ybt 14; ICEKp5 (140-2LV),-,-
ERR4784777,437,3_3_1_1_1_1_31,18757,0_0_105_1_1_1_0_35_1_0,258,10268,Col(IMGS31); Col(pHAD28)--Col(pHAD28); ColKP3; IncFIB(pQil); IncFII,KL36 (wzi109),K36,O4,O4,1,- (0),- (0),- (0),ybt 9; ICEKp3 (179-2LV),-,-
SRR8859437,14,1_6_1_1_1_1_1,33343,0_0_1_1_17_0_2_0_2_0,14,14,IncFIA(pBK30683); IncFIB(K); IncFIB(pKPHS1); IncFII; IncFII(K); IncR,KL2 (wzi2),K2,O1/O2v1,O1,1,- (0),- (0),- (0),ybt 14; ICEKp5 (140-2LV),-,-
ERR4784404,323,2_1_1_1_9_1_93,18534,0_0_363_1_2_1_19_0_0_0,323,323,IncFIA(HI1)--IncFII(K); IncFIB(K),KL21 (wzi262),K21,O3b,O3b,0,- (0),- (0),- (0),- (0),-,-
ERR3162574,14,1_6_1_1_1_1_1,20753,0_0_1_1_17_0_3_27_0_0,14,14,Col(MG828); Col(pHAD28); ColKP3; IncFIB(K); IncFIB(pNDM-Mar); IncHI1B(pNDM-MAR),unknown (KL64) (wzi64),unknown (K64),O1/O2v1,O1,1,- (0),- (0),- (0),ybt 14; ICEKp5 (140-1LV),-,-
ERR4784242,231,2_6_1_3_26_1_77,18542,0_0_88_0_0_0_0_14_2_0,231,231,Col(pHAD28); Col(pHAD28); Col440I; ColKP3; IncFIA; IncFIB(pQil); IncFII(K); IncFII(pAMA1167-NDM-5),KL51 (wzi104),K51,O1/O2v2,O1,4,iuc 5 (61-3LV),- (0),- (0),ybt 14; ICEKp5 (376),-,-
ERR4785122,231,2_6_1_3_26_1_77,18934,0_0_88_0_0_0_0_14_19_0,231,231,Col(pHAD28); Col(pHAD28); ColKP3; IncFIA; IncFIB(pQil); IncFII(K); IncFII(pAMA1167-NDM-5),KL51 (wzi104),K51,O1/O2v2,O1,4,iuc 5 (61-3LV),- (0),- (0),ybt 14; ICEKp5 (376-1LV),-,-
ERR4635762,147,3_4_6_1_7_4_38,18585,0_0_197_0_4_0_10_30_0_0,147,147,Col(BS512); Col(pHAD28); IncFIB(pNDM-Mar); IncFII(pKPX1); IncHI1B(pNDM-MAR); IncR; repB(R1701),KL64 (wzi64),K64,O1/O2v1,O2a,1,- (0),- (0),- (0),ybt 10; ICEKp4 (384),-,-
ERR4784137,231,2_6_1_3_26_1_77,18542,0_0_88_0_0_0_0_14_2_0,231,231,Col(pHAD28); Col(pHAD28); Col440I; ColKP3; IncFIA; IncFIB(pQil); IncFII(K); IncFII(pAMA1167-NDM-5),KL51 (wzi104),K51,O1/O2v2,O1,4,iuc 5 (61-3LV),- (0),- (0),ybt 14; ICEKp5 (376),-,-
SRR6883069,147,3_4_6_1_7_4_38,*94a5,0_0_197_0_17_0_1_?_?_?,147,147,Col(BS512); Col(pHAD28)--Col440I; IncFIA(pBK30683); IncFIB(K)(pCAV1099-114); IncFIB(pKPHS1); IncFIB(pQil); IncR,KL10 (wzi420),K10,O3/O3a,O3/O3a,1,- (0),- (0),- (0),ybt 14; ICEKp5 (354-2LV),-,-
ERR4785008,231,2_6_1_3_26_1_77,204,0_0_88_0_0_0_0_11_0_0,231,231,Col440I; ColKP3; IncFIA; IncFIB(AP001918); IncFIB(pQil); IncFII(K); IncFII(pAMA1167-NDM-5),KL51 (wzi104),K51,O1/O2v2,O1,1,- (0),- (0),- (0),ybt 14; ICEKp5 (376-1LV),-,-
ERR3162562,16,2_1_2_1_4_4_4,20390,0_0_22_27_0_12_0_0_0_0,17,16,Col(pHAD28)--Col440II; ColpVC; IncFIA(pBK30683); IncFIB(pQil); IncFII(K); IncR,unknown (KL51) (wzi50),unknown (K51),O3b,O3b,1,- (0),- (0),- (0),ybt 9; ICEKp3 (183-3LV),-,-
ERR3162588,34,2_3_6_1_9_7_4,20581,0_0_13_46_0_0_0_0_0_0,34,12623,IncC; IncFIB(pQil); IncFII(K); IncFII(pMET); IncR; repA(dmsm701b_NDM1); repB(R1701),unknown (KL31) (wzi31),unknown (K31),O3b,O3b,0,- (0),- (0),- (0),- (0),-,-
ERR4785124,14,1_6_1_1_1_1_1,18603,0_0_1_1_17_0_0_8_0_0,14,14,Col(pHAD28); IncFIA(pBK30683); IncFIB(pQil); IncFII; IncFII(K); IncR,KL2 (wzi2),K2,O1/O2v1,O1,1,- (0),- (0),- (0),ybt 14; ICEKp5 (140),-,-
ERR4784271,147,3_4_6_1_7_4_38,18630,0_0_197_0_4_0_10_24_2_0,147,147,Col(pHAD28); ColKP3; IncFIB(pKPHS1); IncFII; IncFII(pKPX1); IncN2; IncR; repB(R1701),KL64 (wzi64),K64,O1/O2v1,O2a,1,- (0),- (0),- (0),ybt 10; ICEKp4 (384),-,-
ERR3162599,14,1_6_1_1_1_1_1,*8cbe,0_0_1_1_17_0_3_0_?_?,14,14,ColKP3; IncFIA(pBK30683); IncFIB(K); IncFII(K); IncR,unknown (KL2) (wzi2),unknown (K2),O1/O2v1,O1,1,- (0),- (0),- (0),ybt 14; ICEKp5 (140),-,-
ERR4784879,147,3_4_6_1_7_4_38,18609,0_0_197_0_4_0_78_0_0_0,147,147,Col(pHAD28); Col440I; IncFIB(pQil); IncFII(K); IncR,KL64 (wzi64),K64,O1/O2v1,O2a,1,- (0),- (0),- (0),ybt 16; ICEKp12 (280),-,-
ERR4784401,437,3_3_1_1_1_1_31,18757,0_0_105_1_1_1_0_35_1_0,258,10268,Col(IMGS31); Col(pHAD28)--Col(pHAD28); ColKP3; IncFIB(pQil); IncFII,KL36 (wzi109),K36,O4,O4,1,- (0),- (0),- (0),ybt 9; ICEKp3 (179-2LV),-,-
ERR4784726,2096,1_6_1_1_1_46_1,18989,0_0_1_1_17_0_3_52_0_0,14,14,Col(pHAD28); ColKP3; ColRNAI; IncFIB(K); IncFIB(pNDM-Mar); IncFII(K); IncHI1B(pNDM-MAR),KL64 (wzi64),K64,O1/O2v1,O1,4,iuc 1 (1),- (0),- (0),ybt 14; ICEKp5 (376),-,rmpA2_8-60%
ERR4784375,437,3_3_1_1_1_1_31,18757,0_0_105_1_1_1_0_35_1_0,258,10268,Col(IMGS31); Col(pHAD28)--Col(pHAD28); ColKP3; IncFIB(pQil); IncFII,KL36 (wzi109),K36,O4,O4,1,- (0),- (0),- (0),ybt 9; ICEKp3 (179-2LV),-,-
ERR3162607,14,1_6_1_1_1_1_1,*166e,0_0_1_1_17_?_?_?_?_?,14,14,Col(MG828); Col(pHAD28); ColKP3; IncFIB(K); IncFIB(pNDM-Mar); IncFII; IncHI1B(pNDM-MAR),unknown (KL64) (wzi64),unknown (K64),O1/O2v1,O1,0,- (0),- (0),- (0),- (0),-,-
SRR8859436,14,1_6_1_1_1_1_1,32424,0_0_1_1_17_0_3_70_0_0,14,14,ColRNAI; IncFIB(K); IncFIB(pNDM-Mar); IncFII(K); IncFII(pRSB107); IncHI1B(pNDM-MAR); IncR,KL2 (wzi2),K2,O1/O2v1,O1,1,- (0),- (0),- (0),ybt 14; ICEKp5 (140-1LV),-,-
ERR4784416,231,2_6_1_3_26_1_77,18552,0_0_88_0_0_0_0_53_0_0,231,231,Col(pHAD28); Col(pHAD28); IncFIA; IncFIB(pQil); IncFII(K); IncFII(pAMA1167-NDM-5),KL51 (wzi104),K51,O1/O2v2,O1,4,iuc 5 (61-3LV),- (0),- (0),ybt 14; ICEKp5 (376),-,-
ERR4784913,231,2_6_1_3_26_1_77,18679,0_0_88_0_0_0_0_14_20_0,231,231,Col(pHAD28); Col(pHAD28); ColKP3; IncFIA; IncFIB(pQil); IncFII(K); IncFII(pAMA1167-NDM-5),KL51 (wzi104),K51,O1/O2v2,O1,4,iuc 5 (61-3LV),- (0),- (0),ybt 14; ICEKp5 (376-1LV),-,-
ERR4784741,147,3_4_6_1_7_4_38,18551,0_0_197_0_4_0_10_24_1_0,147,147,Col(pHAD28); ColKP3; IncFIB(pKPHS1); IncFII; IncFII(pKPX1); IncN2; IncR; repB(R1701),KL64 (wzi64),K64,O1/O2v1,O2a,1,- (0),- (0),- (0),ybt 10; ICEKp4 (384),-,-
ERR4784721,395,3_1_2_4_1_1_4,18719,0_0_106_1_0_0_0_0_3_0,395,10190,Col(pHAD28); Col(pHAD28); ColKP3; ColRNAI; IncFIB(pQil); IncFII,KL64 (wzi64),K64,O1/O2v1,O1,1,- (0),- (0),- (0),ybt 16; ICEKp12 (280),-,-
ERR4635731,231,2_6_1_3_26_1_77,18591,0_0_88_0_0_0_0_14_1_0,231,231,Col(pHAD28); Col(pHAD28); ColKP3; IncFIA; IncFIB(pQil); IncFII(K); IncFII(pAMA1167-NDM-5),KL51 (wzi104),K51,O1/O2v2,O1,4,iuc 5 (61-3LV),- (0),- (0),ybt 14; ICEKp5 (376),-,-
ERR4784730,231,2_6_1_3_26_1_77,18542,0_0_88_0_0_0_0_14_2_0,231,231,Col(pHAD28); Col(pHAD28); Col440I; ColKP3; IncFIA; IncFIB(pQil); IncFII(K); IncFII(pAMA1167-NDM-5),KL51 (wzi104),K51,O1/O2v2,O1,4,iuc 5 (61-3LV),- (0),- (0),ybt 14; ICEKp5 (376),-,-
ERR4784316,307,4_1_2_52_1_1_7,19137,0_0_369_0_0_0_86_0_0_0,307,307,Col(pHAD28); IncFIB(K); IncFII(K),KL102 (wzi173),unknown (KL102),O1/O2v2,O2afg,0,- (0),- (0),- (0),- (0),-,-
ERR3162620,16,2_1_2_1_4_4_4,*dd80,0_0_22_27_0_0_18_?_?_?,17,16,Col(pHAD28)--Col440II; Col440I; IncFIB(pQil); IncFII; IncFII(K),unknown (KL51) (wzi50),unknown (K51),O3b,O3b,1,- (0),- (0),- (0),ybt 9; ICEKp3 (174),-,-
ERR3162629,48,2_5_2_2_7_1_10,*b8fc,0_0_147_0_7_0_0_?_?_?,48,48,IncFIA(pBK30683); IncFIB(K)(pCAV1099-114),unknown (KL107) (wzi167),unknown (KL107),O1/O2v1,O2a,1,- (0),- (0),- (0),ybt 14; ICEKp5 (151-2LV),-,-
ERR4784112,231,2_6_1_3_26_1_77,18542,0_0_88_0_0_0_0_14_2_0,231,231,Col(pHAD28); Col(pHAD28); Col440I; ColKP3; IncFIA; IncFIB(pQil); IncFII(K); IncFII(pAMA1167-NDM-5),KL51 (wzi104),K51,O1/O2v2,O1,4,iuc 5 (61-3LV),- (0),- (0),ybt 14; ICEKp5 (376),-,-
ERR4784427,48,2_5_2_2_7_1_10,19063,0_0_147_1_0_13_0_0_0_0,48,48,ColpVC; IncFIB(pQil); IncFII(K); IncHI1B(pNDM-MAR),KL62 (wzi62),K62,O1/O2v1,O1,1,- (0),- (0),- (0),ybt 15; ICEKp11 (230-1LV),-,-
ERR3162578,412,2_1_2_1_9_1_112,20195,0_0_57_1_0_0_2_0_0_0,412,10014,repB_KLEB,KL57 (wzi206),K57,O3b,O3b,3,iuc 1 (78),- (0),iro 1 (1),- (0),rmp 1; KpVP-1 (incomplete),-
SRR10566676,231,2_6_1_3_26_1_77,25586,0_0_88_0_0_0_0_41_0_0,231,231,ColKP3; IncFIA; IncFIB(pNDM-Mar); IncFIB(pQil); IncFII(K); IncFII(pAMA1167-NDM-5); IncHI1B(pNDM-MAR),KL51 (wzi104),K51,O1/O2v2,O1,4,iuc 5 (61-3LV),- (0),- (0),ybt 14; ICEKp5 (376),-,-
ERR3162637,1087,2_1_1_1_3_3_38,20077,0_0_128_10_3_0_0_0_0_0,540,11691,Col(pHAD28); Col440I,unknown (KL62) (wzi62),unknown (K62),O1/O2v1,O1,0,- (0),- (0),- (0),- (0),-,-
ERR4784703,38,2_1_2_1_2_2_2,18624,0_0_184_0_3_0_0_0_1_0,38,38,Col(MG828); Col(pHAD28); Col440I; Col440II; ColKP3; IncFIB(K); IncFIB(pQil); IncFII(K); IncFII(K),KL52 (wzi50),K52,OL101,unknown (OL101),1,- (0),- (0),- (0),ybt 14; ICEKp5 (354-3LV),-,-
ERR4785066,395,3_1_2_4_1_1_4,18719,0_0_106_1_0_0_0_0_3_0,395,10190,Col(pHAD28); Col(pHAD28); ColKP3; IncFIB(pQil); IncFII,KL64 (wzi64),K64,O1/O2v1,O1,1,- (0),- (0),- (0),ybt 16; ICEKp12 (280),-,-
ERR4784149,147,3_4_6_1_7_4_38,18556,0_0_197_0_4_0_10_24_0_0,147,147,Col(pHAD28); IncFIB(pKPHS1); IncFII; IncFII(pKPX1); IncN2; IncR; repB(R1701),KL64 (wzi64),K64,O1/O2v1,O2a,1,- (0),- (0),- (0),ybt 10; ICEKp4 (384),-,-
ERR4784783,395,3_1_2_4_1_1_4,18719,0_0_106_1_0_0_0_0_3_0,395,10190,Col(pHAD28); Col(pHAD28); ColKP3; IncFIB(pQil); IncFII,KL64 (wzi64),K64,O1/O2v1,O1,1,- (0),- (0),- (0),ybt 16; ICEKp12 (280),-,-
ERR4784279,231,2_6_1_3_26_1_77,18542,0_0_88_0_0_0_0_14_2_0,231,231,Col(pHAD28); Col(pHAD28); Col440I; ColKP3; IncFIA; IncFIB(pQil); IncFII(K); IncFII(pAMA1167-NDM-5),KL51 (wzi104),K51,O1/O2v2,O1,4,iuc 5 (61-3LV),- (0),- (0),ybt 14; ICEKp5 (376),-,-
ERR4635737,231,2_6_1_3_26_1_77,18612,0_0_88_0_0_0_30_0_0_0,231,231,Col440I; ColKP3; IncFIA; IncFIB(pQil); IncFII(K); IncFII(pAMA1167-NDM-5),KL51 (wzi104),K51,O1/O2v2,O1,4,iuc 5 (61-3LV),- (0),- (0),ybt 14; ICEKp5 (376),-,-
ERR4784283,147,3_4_6_1_7_4_38,18556,0_0_197_0_4_0_10_24_0_0,147,147,Col(pHAD28); ColKP3; IncFIB(pKPHS1); IncFII; IncFII(pKPX1); IncN2; IncR; repB(R1701),KL64 (wzi64),K64,O1/O2v1,O2a,1,- (0),- (0),- (0),ybt 10; ICEKp4 (384),-,-
ERR3162604,307,4_1_2_52_1_1_7,439,0_0_369_0_0_0_0_0_1_0,307,307,Col(pHAD28); ColKP3; IncFIB(K); IncX3,unknown (KL102) (wzi173),unknown (KL102),O1/O2v2,O2afg,0,- (0),- (0),- (0),- (0),-,-
ERR3162598,147,3_4_6_1_7_4_38,2889,0_0_197_0_4_0_10_0_5_0,147,147,Col(BS512); Col(pHAD28); Col440I; ColKP3; IncFIB(pKPHS1); IncFII(pKPX1); IncR; repB(R1701),unknown (KL64) (wzi64),unknown (K64),O1/O2v1,O2a,1,- (0),- (0),- (0),ybt 10; ICEKp4 (384),-,-
ERR4784466,231,2_6_1_3_26_1_77,19141,0_0_88_0_8_0_1_0_0_0,231,231,Col440I; ColKP3; ColRNAI; IncFIA; IncFIB(pQil); IncFII(K); IncFII(pAMA1167-NDM-5),KL64 (wzi64),K64,O1/O2v1,O1,4,iuc 5 (61-3LV),- (0),- (0),ybt 9; ICEKp3 (173-2LV),-,-
ERR3162609,2096,1_6_1_1_1_46_1,19526,0_0_1_1_17_0_3_0_31_0,14,14,Col(pHAD28); ColKP3; ColRNAI; IncFIB(K),unknown (KL107) (wzi64),unknown (KL107),O1/O2v1,O2a,1,- (0),- (0),- (0),ybt 14; ICEKp5 (140-2LV),-,-
ERR4784362,231,2_6_1_3_26_1_77,18591,0_0_88_0_0_0_0_14_1_0,231,231,Col(pHAD28); Col(pHAD28); ColKP3; IncFIA; IncFIB(pQil); IncFII(K); IncFII(pAMA1167-NDM-5),KL51 (wzi104),K51,O1/O2v2,O1,4,iuc 5 (61-3LV),- (0),- (0),ybt 14; ICEKp5 (376),-,-
ERR4920490,2534,3_1_1_1_3_3_23,17812,0_0_130_5_0_0_0_0_0_0,4,12528,IncFIB(K)(pCAV1099-114); IncFIB(pQil)--IncFII(K),KL62 (wzi323),K62,O1/O2v1,O1,1,- (0),- (0),- (0),ybt 9; ICEKp12 (210),-,-
ERR4784454,231,2_6_1_3_26_1_77,18814,0_0_88_0_0_0_0_0_8_0,231,231,Col440I; ColKP3; IncFIA; IncFIB(pQil); IncFII(K); IncFII(pAMA1167-NDM-5),unknown (KL51) (-),unknown (K51),O1/O2v2,O1,4,iuc 5 (truncated) (61-3LV),- (0),- (0),ybt 14; ICEKp5 (376-1LV),-,-
ERR4784384,273,3_4_6_1_7_4_4,18696,0_0_197_0_0_0_0_3_5_0,147,147,Col(pHAD28); IncFIB(K); IncFIB(pQil); IncFII(K),KL74 (wzi174),K74,O3b,O3b,1,- (0),- (0),- (0),ybt 13; ICEKp2 (299-2LV),-,-
ERR4784443,231,2_6_1_3_26_1_77,18584,0_0_88_0_0_0_0_33_0_0,231,231,Col(pHAD28); Col(pHAD28); IncFIA; IncFIB(pQil); IncFII(K); IncFII(pAMA1167-NDM-5); IncN,KL51 (wzi104),K51,O1/O2v2,O1,4,iuc 5 (61-3LV),- (0),- (0),ybt 14; ICEKp5 (376),-,-
ERR4784165,231,2_6_1_3_26_1_77,18542,0_0_88_0_0_0_0_14_2_0,231,231,Col(pHAD28); Col(pHAD28); Col440I; ColKP3; IncFIA; IncFIB(pQil); IncFII(K); IncFII(pAMA1167-NDM-5),KL51 (wzi104),K51,O1/O2v2,O1,4,iuc 5 (61-3LV),- (0),- (0),ybt 14; ICEKp5 (376),-,-
ERR4784834,38,2_1_2_1_2_2_2,18624,0_0_184_0_3_0_0_0_1_0,38,38,Col(MG828); Col(pHAD28)--Col440I; Col440II; ColKP3; IncFIB(K); IncFIB(pQil); IncFII(K); IncFII(K),KL52 (wzi50),K52,OL101,unknown (OL101),1,- (0),- (0),- (0),ybt 14; ICEKp5 (354-3LV),-,-
ERR4784792,16,2_1_2_1_4_4_4,19073,0_0_22_27_0_0_9_16_0_0,17,16,Col(pHAD28)--Col440II; ColKP3; IncFIB(K); IncFIB(pKPHS1); IncFII(K); IncFII(pKPX1); IncR; IncX3; repB(R1701),KL51 (wzi50),K51,O3b,O3b,1,- (0),- (0),- (0),ybt 9; ICEKp3 (174-1LV),-,-
SRR9218215,23,2_1_1_1_9_4_12,33896,0_0_429_0_40_0_0_2_0_0,23,23,Col440I; Col440II; ColKP3; ColRNAI; IncC; IncFIB(pKPHS1); IncFIB(pQil); IncFII(K); IncX3; repB_KLEB,KL1 (wzi1),K1,O1/O2v2,O1,4,iuc 1 (1),- (0),iro 1 (2),ybt 9; ICEKp3 (15-2LV),rmp 1; KpVP-1,rmpA2_5-54%
ERR3162611,101,2_6_1_5_4_1_6,*2378,0_0_84_0_31_0_0_?_?_?,101,101,Col(BS512); Col(pHAD28); ColKP3; IncR; repB(R1701),unknown (KL107) (wzi137),unknown (KL107),O1/O2v1,O1,1,- (0),- (0),- (0),ybt 9; ICEKp3 (183),-,-
ERR4784332,16,2_1_2_1_4_4_4,19152,0_0_22_27_0_0_0_1_7_0,17,16,IncFIB(K); IncFII(K),KL51 (wzi50),K51,O3b,O3b,1,- (0),- (0),- (0),ybt 10; ICEKp4 (91-1LV),-,-
ERR4785083,147,3_4_6_1_7_4_38,18564,0_0_197_0_4_0_10_29_0_0,147,147,Col(pHAD28); ColKP3; IncFII(pKPX1); IncR; repB(R1701),KL64 (wzi64),K64,O1/O2v1,O2a,1,- (0),- (0),- (0),ybt 10; ICEKp4 (384-1LV),-,-
ERR4784412,15,1_1_1_1_1_1_1,18943,0_0_0_0_2_0_0_133_0_0,15,15,IncFIB(K)--IncFII(K); IncFIB(pKPHS1),KL24 (wzi24),K24,O1/O2v1,O1,1,- (0),- (0),- (0),ybt 10; ICEKp4 (28),-,-
ERR3162605,966,2_1_2_1_1_1_68,21095,0_0_249_1_7_0_0_0_0_0,200,966,,unknown (KL50) (-),unknown (K50),OL104,unknown (OL104),0,- (0),- (0),- (0),- (0),-,-
ERR4784258,231,2_6_1_3_26_1_77,18542,0_0_88_0_0_0_0_14_2_0,231,231,Col(pHAD28); Col(pHAD28); Col440I; ColKP3; IncFIA; IncFIB(pQil); IncFII(K); IncFII(pAMA1167-NDM-5),KL51 (wzi104),K51,O1/O2v2,O1,4,iuc 5 (61-3LV),- (0),- (0),ybt 14; ICEKp5 (376),-,-
SRR8859425,14,1_6_1_1_1_1_1,18823,0_0_1_1_17_0_8_1_0_0,14,14,IncFIA(pBK30683); IncFIB(K); IncFIB(pKPHS1); IncFII; IncFII(K); IncR,KL2 (wzi2),K2,O1/O2v1,O1,1,- (0),- (0),- (0),ybt 14; ICEKp5 (140-3LV),-,-
ERR4635800,231,2_6_1_3_26_1_77,18591,0_0_88_0_0_0_0_14_1_0,231,231,Col(pHAD28); Col(pHAD28); ColKP3; IncFIA; IncFIB(pQil); IncFII(K); IncFII(pAMA1167-NDM-5),KL51 (wzi104),K51,O1/O2v2,O1,4,iuc 5 (61-3LV),- (0),- (0),ybt 14; ICEKp5 (376),-,-
ERR3162634,3609,2_1_2_37_8_196_15,*f93e,0_0_73_0_0_0_1_0_?_?,3609,3609,Col440I; Col440I; IncFIB(K); IncFIB(pNDM-Mar); IncFIB(pQil)--IncFII(K); IncHI1B(pNDM-MAR),KL117 (-),unknown (KL117),O1/O2v1,O1,0,- (0),- (0),- (0),- (0),-,-
ERR3162624,14,1_6_1_1_1_1_1,20867,0_0_1_1_17_0_8_1_2_0,14,14,IncFIA(pBK30683); IncFIB(K)--IncFII(K); IncFIB(pKPHS1); IncR,unknown (KL2) (wzi2),unknown (K2),O1/O2v1,O1,1,- (0),- (0),- (0),ybt 14; ICEKp5 (140-2LV),-,-
ERR4784421,231,2_6_1_3_26_1_77,18542,0_0_88_0_0_0_0_14_2_0,231,231,Col(pHAD28); Col(pHAD28); Col440I; ColKP3; IncFIA; IncFIB(pQil); IncFII(K); IncFII(pAMA1167-NDM-5),KL51 (wzi104),K51,O1/O2v2,O1,4,iuc 5 (61-3LV),- (0),- (0),ybt 14; ICEKp5 (376),-,-
ERR4784086,147,3_4_6_1_7_4_38,18556,0_0_197_0_4_0_10_24_0_0,147,147,Col(pHAD28); ColKP3; IncFIB(pKPHS1); IncFII; IncFII(pKPX1); IncN2; IncR; repB(R1701),KL64 (wzi64),K64,O1/O2v1,O2a,1,- (0),- (0),- (0),ybt 10; ICEKp4 (384),-,-
SRR8859434,147,3_4_6_1_7_4_38,33604,0_0_197_0_4_1_0_31_0_0,147,147,Col(pHAD28); Col440I; IncFIB(pKPHS1); IncFIB(pNDM-Mar); IncHI1B(pNDM-MAR); IncR,KL64 (wzi64),K64,O1/O2v1,O2a,1,- (0),- (0),- (0),ybt 9; ICEKp3 (173-2LV),-,-
ERR4784371,437,3_3_1_1_1_1_31,18757,0_0_105_1_1_1_0_35_1_0,258,10268,Col(IMGS31); Col(pHAD28)--Col(pHAD28); ColKP3; IncFIB(pQil); IncFII,KL36 (wzi109),K36,O4,O4,1,- (0),- (0),- (0),ybt 9; ICEKp3 (179-2LV),-,-
ERR4784781,37,2_9_2_1_13_1_16,18623,0_0_109_33_16_0_0_0_0_0,37,3693,IncFIB(K); repB(R1701),KL15 (wzi50),K15,O4,O4,0,- (0),- (0),- (0),- (0),-,-
ERR4784160,231,2_6_1_3_26_1_77,18542,0_0_88_0_0_0_0_14_2_0,231,231,Col(pHAD28); Col(pHAD28); Col440I; ColKP3; IncFIA; IncFIB(pQil); IncFII(K); IncFII(pAMA1167-NDM-5),KL51 (wzi104),K51,O1/O2v2,O1,4,iuc 5 (61-3LV),- (0),- (0),ybt 14; ICEKp5 (376),-,-
SRR6883068,147,3_4_6_1_7_4_38,1430,0_0_197_0_17_0_1_0_0_0,147,147,Col(BS512); Col(pHAD28)--Col440I; IncFIA(pBK30683); IncFIB(K)(pCAV1099-114); IncFIB(pQil); IncR,KL10 (wzi420),K10,O3/O3a,O3/O3a,1,- (0),- (0),- (0),ybt 14; ICEKp5 (354-2LV),-,-
ERR3162632,231,2_6_1_3_26_1_77,18316,0_0_88_0_0_0_0_52_0_0,231,231,Col(pHAD28); Col440I; ColKP3; IncFIA; IncFIB(pQil); IncFII(K); IncFII(pAMA1167-NDM-5),unknown (KL107) (wzi104),unknown (KL107),unknown (O1/O2v1),unknown (O2a),4,iuc 5 (61-3LV),- (0),- (0),ybt 14; ICEKp5 (376),-,-
ERR4784174,469,2_1_2_1_10_1_4,18518,0_0_250_2_0_0_0_2_0_0,292,10359,IncFIB(K),KL139 (wzi493),unknown (KL139),O3b,O3b,0,- (0),- (0),- (0),- (0),-,-
ERR3162571,14,1_6_1_1_1_1_1,*9b10,0_0_1_1_17_0_29_0_?_?,14,14,Col(MG828); Col(pHAD28); ColKP3; IncFIB(K); IncFIB(pNDM-Mar); IncHI1B(pNDM-MAR),unknown (KL64) (wzi64),unknown (K64),unknown (O1/O2v1),unknown (O2a),0,- (0),- (0),- (0),- (0),-,-
ERR4784153,147,3_4_6_1_7_4_38,18556,0_0_197_0_4_0_10_24_0_0,147,147,Col(pHAD28); IncFIB(pKPHS1); IncFII; IncFII(pKPX1); IncN2; IncR; repB(R1701),KL64 (wzi64),K64,O1/O2v1,O2a,1,- (0),- (0),- (0),ybt 10; ICEKp4 (384),-,-
ERR3162596,967,2_1_19_4_9_4_34,*01ca,0_0_254_0_2_0_0_1_?_?,967,967,IncFIA(pBK30683); IncR,unknown (KL107) (wzi19),unknown (KL107),unknown (O1/O2v1),unknown (O2a),0,- (0),- (0),- (0),- (0),-,-
ERR4635759,231,2_6_1_3_26_1_77,18511,0_0_88_0_0_0_0_24_0_0,231,231,Col(pHAD28); Col440I; ColKP3; IncFIA; IncFIB(pQil); IncFII(K); IncFII(pAMA1167-NDM-5),KL51 (wzi104),K51,O1/O2v2,O1,4,iuc 5 (truncated) (61-3LV),- (0),- (0),ybt 14; ICEKp5 (376-1LV),-,-
ERR4784755,231,2_6_1_3_26_1_77,18786,0_0_88_0_0_0_0_14_2_0,231,231,Col(pHAD28); Col(pHAD28); Col440I; ColKP3; IncFIA; IncFIB(pQil); IncFII(K); IncFII(pAMA1167-NDM-5),KL51 (wzi104),K51,O1/O2v2,O1,4,iuc 5 (61-3LV),- (0),- (0),ybt 14; ICEKp5 (376),-,-
ERR4784136,147,3_4_6_1_7_4_38,18551,0_0_197_0_4_0_10_24_1_0,147,147,Col(pHAD28); ColKP3; IncFIB(pKPHS1); IncFII; IncFII(pKPX1); IncN2; IncR; repB(R1701),KL64 (wzi64),K64,O1/O2v1,O2a,1,- (0),- (0),- (0),ybt 10; ICEKp4 (384),-,-
ERR3162576,8ee80c1ae8a732e7a434d063b713bdc57048386c,2_3_1_4_1_4_695,19601,0_0_735_5_1_0_0_0_0_0,10650,12594,IncFIB(K),unknown (KL176) (-),unknown (KL176),O3b,O3b,0,- (0),- (0),- (0),- (0),-,-
ERR4784077,14,1_6_1_1_1_1_1,18566,0_0_1_1_17_0_3_41_0_0,14,14,Col(pHAD28); ColKP3; IncFIB(K); IncFIB(pNDM-Mar); IncHI1B(pNDM-MAR),KL64 (wzi64),K64,O1/O2v1,O1,4,iuc 1 (1),- (0),- (0),ybt 14; ICEKp5 (140-1LV),-,rmpA2_8-60%
ERR4635628,231,2_6_1_3_26_1_77,18617,0_0_88_0_0_0_0_64_0_0,231,231,ColKP3; IncFIA; IncFIB(pQil); IncFII(K); IncFII(pAMA1167-NDM-5),KL51 (wzi104),K51,O1/O2v2,O1,4,iuc 5 (61-3LV),- (0),- (0),ybt 14; ICEKp5 (376),-,-
ERR4784425,101,2_6_1_5_4_1_6,18924,0_0_84_0_46_0_0_0_0_0,101,101,Col(pHAD28); ColKP3; IncFIB(K),KL106 (wzi29),unknown (KL106),O1/O2v2,O1,0,- (0),- (0),- (0),- (0),-,-
ERR4784097,14,1_6_1_1_1_1_1,18566,0_0_1_1_17_0_3_41_0_0,14,14,Col(pHAD28); ColKP3; IncFIB(K); IncFIB(pNDM-Mar); IncHI1B(pNDM-MAR),KL64 (wzi64),K64,O1/O2v1,O1,4,iuc 1 (1),- (0),- (0),ybt 14; ICEKp5 (140-1LV),-,rmpA2_8-60%
SRR6883067,147,3_4_6_1_7_4_38,1430,0_0_197_0_17_0_1_0_0_0,147,147,Col(BS512); Col(pHAD28)--Col440I; IncFIA(pBK30683); IncFIB(K)(pCAV1099-114); IncFIB(pKPHS1); IncFIB(pQil); IncR,KL10 (wzi420),K10,O3/O3a,O3/O3a,1,- (0),- (0),- (0),ybt 14; ICEKp5 (354-2LV),-,-
ERR4784069,231,2_6_1_3_26_1_77,18651,0_0_88_0_0_0_0_20_2_0,231,231,Col(pHAD28)--Col440I; ColKP3; IncFIA; IncFIB(pQil); IncFII(K); IncFII(pAMA1167-NDM-5),KL51 (wzi104),K51,O1/O2v2,O1,4,iuc 5 (61-3LV),- (0),- (0),ybt 14; ICEKp5 (376),-,-
ERR4784299,14,1_6_1_1_1_1_1,18868,0_0_1_1_17_0_3_15_0_0,14,14,ColKP3; IncFIB(K); IncFIB(pNDM-Mar); IncHI1B(pNDM-MAR),KL2 (wzi2),K2,O1/O2v1,O1,1,- (0),- (0),- (0),ybt 14; ICEKp5 (140),-,-
ERR4784219,147,3_4_6_1_7_4_38,18630,0_0_197_0_4_0_10_24_2_0,147,147,Col(pHAD28); ColKP3; IncFIB(pKPHS1); IncFII; IncFII(pKPX1); IncN2; IncR; repB(R1701),KL64 (wzi64),K64,O1/O2v1,O2a,1,- (0),- (0),- (0),ybt 10; ICEKp4 (384),-,-
ERR4784292,469,2_1_2_1_10_1_4,18518,0_0_250_2_0_0_0_2_0_0,292,10359,IncFIB(K),KL139 (wzi493),unknown (KL139),O3b,O3b,0,- (0),- (0),- (0),- (0),-,-
ERR4784173,231,2_6_1_3_26_1_77,18542,0_0_88_0_0_0_0_14_2_0,231,231,Col(pHAD28); Col(pHAD28); Col440I; ColKP3; IncFIA; IncFIB(pQil); IncFII(K); IncFII(pAMA1167-NDM-5),KL51 (wzi104),K51,O1/O2v2,O1,4,iuc 5 (61-3LV),- (0),- (0),ybt 14; ICEKp5 (376),-,-
ERR4784351,231,2_6_1_3_26_1_77,18593,0_0_88_0_8_0_0_0_0_0,231,231,Col440I; ColKP3; ColRNAI; IncFIA; IncFIB(pQil); IncFII(K); IncFII(pAMA1167-NDM-5),KL64 (wzi64),K64,O1/O2v1,O1,1,- (0),- (0),- (0),ybt 9; ICEKp3 (173-2LV),-,-
ERR4784141,231,2_6_1_3_26_1_77,18542,0_0_88_0_0_0_0_14_2_0,231,231,Col(pHAD28); Col(pHAD28); Col440I; ColKP3; IncFIA; IncFIB(pQil); IncFII(K); IncFII(pAMA1167-NDM-5),KL51 (wzi104),K51,O1/O2v2,O1,4,iuc 5 (61-3LV),- (0),- (0),ybt 14; ICEKp5 (376),-,-
ERR4784061,25,2_1_1_1_10_4_13,18847,0_0_388_1_15_0_0_1_0_0,25,25,Col(BS512); IncFIB(K); IncFII(K),KL2 (wzi72),K2,O1/O2v2,O1,1,- (0),- (0),- (0),ybt 14; ICEKp5 (145-2LV),-,-
ERR4784808,147,3_4_6_1_7_4_38,18551,0_0_197_0_4_0_10_24_1_0,147,147,Col(pHAD28); ColKP3; IncFIB(pKPHS1); IncFII; IncFII(pKPX1); IncN2; IncR; repB(R1701),KL64 (wzi64),K64,O1/O2v1,O2a,1,- (0),- (0),- (0),ybt 10; ICEKp4 (384),-,-
ERR4784803,147,3_4_6_1_7_4_38,18556,0_0_197_0_4_0_10_24_0_0,147,147,Col(pHAD28); ColKP3; IncFIB(pKPHS1); IncFII; IncFII(pKPX1); IncN2; IncR; repB(R1701),KL64 (wzi64),K64,O1/O2v1,O2a,1,- (0),- (0),- (0),ybt 10; ICEKp4 (384),-,-
ERR3162631,231,2_6_1_3_26_1_77,19530,0_0_88_0_0_0_0_52_1_0,231,231,Col(pHAD28); Col440I; ColKP3; IncFIA; IncFIB(pQil); IncFII(K); IncFII(pAMA1167-NDM-5),unknown (KL51) (wzi104),unknown (K51),unknown (O1/O2v1),unknown (O2a),4,iuc 5 (61-3LV),- (0),- (0),ybt 14; ICEKp5 (376),-,-
ERR4784232,231,2_6_1_3_26_1_77,18588,0_0_88_0_0_0_0_14_15_0,231,231,Col(pHAD28); Col(pHAD28); ColKP3; IncFIB(pQil); IncFII; IncFII(K); IncN2; repB(R1701),KL51 (wzi104),K51,O1/O2v2,O1,1,- (0),- (0),- (0),ybt 14; ICEKp5 (376),-,-
ERR4784771,16,2_1_2_1_4_4_4,19073,0_0_22_27_0_0_9_16_0_0,17,16,Col(pHAD28); ColRNAI; IncFIB(K); IncFIB(pKPHS1); IncFIB(pNDM-Mar); IncFII(K); IncFII(K); IncFII(pKPX1); IncHI1B(pNDM-MAR); IncR; IncX3; repB(R1701),KL51 (wzi50),K51,O3b,O3b,4,iuc unknown (0),- (0),- (0),ybt 9; ICEKp3 (174-1LV),-,rmpA2_8-60%
ERR4784773,37,2_9_2_1_13_1_16,18623,0_0_109_33_16_0_0_0_0_0,37,3693,Col(IMGS31); Col(pHAD28); Col(pHAD28)--Col(pHAD28); ColKP3; IncFIB(K); IncFII; repB(R1701),KL15 (wzi50),K15,O4,O4,0,- (0),- (0),- (0),- (0),-,-
ERR4784370,147,3_4_6_1_7_4_38,18738,0_0_197_0_4_0_10_26_0_0,147,147,Col(BS512); Col(pHAD28)--Col440II; ColKP3; IncFII; IncFII(pKPX1); IncR; repB(R1701),KL64 (wzi64),K64,O1/O2v1,O2a,1,- (0),- (0),- (0),ybt 10; ICEKp4 (384-1LV),-,-
ERR4784385,45,2_1_1_6_7_1_12,19116,0_0_158_8_18_0_0_7_0_0,45,45,Col440I; IncFIB(K)--IncFII(K); IncFII,KL127 (wzi101),unknown (KL127),OL101,unknown (OL101),1,- (0),- (0),- (0),ybt 10; ICEKp4 (78),-,-
ERR4784733,147,3_4_6_1_7_4_38,18551,0_0_197_0_4_0_10_24_1_0,147,147,Col(pHAD28); ColKP3; IncFIB(pKPHS1); IncFII; IncFII(pKPX1); IncN2; IncR; repB(R1701),KL64 (wzi64),K64,O1/O2v1,O2a,1,- (0),- (0),- (0),ybt 10; ICEKp4 (384),-,-
ERR3162568,372,2_1_2_1_1_15_4,*7b9e,0_0_962_0_?_?_?_?_?_?,10895,11611,IncFIB(K); IncFII(K),unknown (KL43) (wzi43),unknown (K43),O1/O2v1,O2a,0,- (0),- (0),- (0),- (0),-,-
ERR3162630,320,3_6_2_1_7_4_41,19618,0_0_509_1_0_0_0_0_0_0,10259,12595,Col(pHAD28); IncFIB(pNDM-Mar); IncHI1B(pNDM-MAR),unknown (KL107) (wzi9),unknown (KL107),unknown (O1/O2v2),unknown (O1),0,- (0),- (0),- (0),- (0),-,-
ERR4784278,2096,1_6_1_1_1_46_1,19007,0_0_1_1_17_0_3_75_0_0,14,14,Col(pHAD28); ColKP3; ColRNAI; IncFIB(K),KL64 (wzi64),K64,O1/O2v1,O1,1,- (0),- (0),- (0),ybt 14; ICEKp5 (140-2LV),-,-
ERR4784850,231,2_6_1_3_26_1_77,18542,0_0_88_0_0_0_0_14_2_0,231,231,Col(pHAD28); Col(pHAD28); Col440I; ColKP3; IncFIA; IncFIB(pQil); IncFII(K); IncFII(pAMA1167-NDM-5),KL51 (wzi104),K51,O1/O2v2,O1,4,iuc 5 (61-3LV),- (0),- (0),ybt 14; ICEKp5 (376),-,-
ERR3162613,15,1_1_1_1_1_1_1,*43ad,0_0_0_0_2_55_0_0_?_?,15,15,Col440I; ColRNAI; ColpVC; IncFIA(pBK30683); IncFIB(pKPHS1); IncR; repB(R1701),KL112 (wzi93),unknown (KL112),O1/O2v1,O2a,1,- (0),- (0),- (0),ybt 16; ICEKp12 (436),-,-
ERR4784745,14,1_6_1_1_1_1_1,18678,0_0_1_1_17_0_0_4_0_0,14,14,IncFII(pHN7A8); IncR,KL2 (wzi2),K2,O1/O2v1,O1,1,- (0),- (0),- (0),ybt 14; ICEKp5 (140-1LV),-,-